,,,,,,,,,,,,,,,,,,,,,,,,,,,,,,,,,,,,,,,,,,,,,,,,,,,,,,,,,,,,,,,,,,,,,,,,,,,,,,,,,,,,,,,,,,,,,,,,,,,,,,,,,,,,,,,,,,,,,,,,,,,,,,,,,,,,,,,,,,,,,,,,,,,,,,,,,,,,
,,,,,,,,,,,,,,,,,,,,,,,,,,,,,,,,,,,,,,,,,,,,,,,,,,,,,,,,,,,,,,,,,,,,,,,,,,,,,,,,,,,,,,,,,,,,,,,,,,,,,,,,,,,,,,,,,,,,,,,,,,,,,,,,,,,,,,,,,,,,,,,,,,,,,,,,,,,,
User: GUEST,,,Path: C:\Program Files\BMG\Omega\Data\,,,,,,,Test ID: 44,,,,,,,,,,,,,,,,,,,,,,,,,,,,,,,,,,,,,,,,,,,,,,,,,,,,,,,,,,,,,,,,,,,,,,,,,,,,,,,,,,,,,,,,,,,,,,,,,,,,,,,,,,,,,,,,,,,,,,,,,,,,,,,,,,,,,,,,,,,,,,,,,,
Test Name: GFP 96WELL,,,,,,,,Date: 08/03/2013,,Time: 12:51:15,,,,,,,,,,,,,,,,,,,,,,,,,,,,,,,,,,,,,,,,,,,,,,,,,,,,,,,,,,,,,,,,,,,,,,,,,,,,,,,,,,,,,,,,,,,,,,,,,,,,,,,,,,,,,,,,,,,,,,,,,,,,,,,,,,,,,,,,,,,,,,,,,,
ID1: 080313,,,,,,,,,,,,,,,,,,,,,,,,,,,,,,,,,,,,,,,,,,,,,,,,,,,,,,,,,,,,,,,,,,,,,,,,,,,,,,,,,,,,,,,,,,,,,,,,,,,,,,,,,,,,,,,,,,,,,,,,,,,,,,,,,,,,,,,,,,,,,,,,,,,,,,,,,,,,
"Fluorescence (FI), multichromatic",,,,,,,,,,,,,,,,,,,,,,,,,,,,,,,,,,,,,,,,,,,,,,,,,,,,,,,,,,,,,,,,,,,,,,,,,,,,,,,,,,,,,,,,,,,,,,,,,,,,,,,,,,,,,,,,,,,,,,,,,,,,,,,,,,,,,,,,,,,,,,,,,,,,,,,,,,,,
,,,,,,,,,,,,,,,,,,,,,,,,,,,,,,,,,,,,,,,,,,,,,,,,,,,,,,,,,,,,,,,,,,,,,,,,,,,,,,,,,,,,,,,,,,,,,,,,,,,,,,,,,,,,,,,,,,,,,,,,,,,,,,,,,,,,,,,,,,,,,,,,,,,,,,,,,,,,
Group,Content,"Well
Col","Well
Row","Raw Data (430-10, 480-10 1)
1 - 0 h  ","Raw Data (430-10, 480-10 1)
2 - 0 h 11 min ","Raw Data (430-10, 480-10 1)
3 - 0 h 23 min ","Raw Data (430-10, 480-10 1)
4 - 0 h 35 min ","Raw Data (430-10, 480-10 1)
5 - 0 h 47 min ","Raw Data (430-10, 480-10 1)
6 - 0 h 58 min ","Raw Data (430-10, 480-10 1)
7 - 1 h 10 min ","Raw Data (430-10, 480-10 1)
8 - 1 h 22 min ","Raw Data (430-10, 480-10 1)
9 - 1 h 34 min ","Raw Data (430-10, 480-10 1)
10 - 1 h 46 min ","Raw Data (430-10, 480-10 1)
11 - 1 h 57 min ","Raw Data (430-10, 480-10 1)
12 - 2 h 9 min ","Raw Data (430-10, 480-10 1)
13 - 2 h 21 min ","Raw Data (430-10, 480-10 1)
14 - 2 h 33 min ","Raw Data (430-10, 480-10 1)
15 - 2 h 45 min ","Raw Data (430-10, 480-10 1)
16 - 2 h 56 min ","Raw Data (430-10, 480-10 1)
17 - 3 h 8 min ","Raw Data (430-10, 480-10 1)
18 - 3 h 20 min ","Raw Data (430-10, 480-10 1)
19 - 3 h 32 min ","Raw Data (430-10, 480-10 1)
20 - 3 h 44 min ","Raw Data (430-10, 480-10 1)
21 - 3 h 55 min ","Raw Data (430-10, 480-10 1)
22 - 4 h 7 min ","Raw Data (430-10, 480-10 1)
23 - 4 h 19 min ","Raw Data (430-10, 480-10 1)
24 - 4 h 31 min ","Raw Data (430-10, 480-10 1)
25 - 4 h 43 min ","Raw Data (430-10, 480-10 1)
26 - 4 h 54 min ","Raw Data (430-10, 480-10 1)
27 - 5 h 6 min ","Raw Data (430-10, 480-10 1)
28 - 5 h 18 min ","Raw Data (430-10, 480-10 1)
29 - 5 h 30 min ","Raw Data (430-10, 480-10 1)
30 - 5 h 42 min ","Raw Data (430-10, 480-10 1)
31 - 5 h 54 min ","Raw Data (430-10, 480-10 1)
32 - 6 h 5 min ","Raw Data (430-10, 480-10 1)
33 - 6 h 17 min ","Raw Data (430-10, 480-10 1)
34 - 6 h 29 min ","Raw Data (430-10, 480-10 1)
35 - 6 h 41 min ","Raw Data (430-10, 480-10 1)
36 - 6 h 53 min ","Raw Data (430-10, 480-10 1)
37 - 7 h 4 min ","Raw Data (430-10, 480-10 1)
38 - 7 h 16 min ","Raw Data (430-10, 480-10 1)
39 - 7 h 28 min ","Raw Data (430-10, 480-10 1)
40 - 7 h 40 min ","Raw Data (430-10, 480-10 1)
41 - 7 h 52 min ","Raw Data (430-10, 480-10 1)
42 - 8 h 3 min ","Raw Data (430-10, 480-10 1)
43 - 8 h 15 min ","Raw Data (430-10, 480-10 1)
44 - 8 h 27 min ","Raw Data (430-10, 480-10 1)
45 - 8 h 39 min ","Raw Data (430-10, 480-10 1)
46 - 8 h 51 min ","Raw Data (430-10, 480-10 1)
47 - 9 h 3 min ","Raw Data (430-10, 480-10 1)
48 - 9 h 14 min ","Raw Data (430-10, 480-10 1)
49 - 9 h 26 min ","Raw Data (430-10, 480-10 1)
50 - 9 h 38 min ","Raw Data (430-10, 480-10 1)
51 - 9 h 50 min ","Raw Data (500-10, 530-10 2)
1 - 0 h  ","Raw Data (500-10, 530-10 2)
2 - 0 h 11 min ","Raw Data (500-10, 530-10 2)
3 - 0 h 23 min ","Raw Data (500-10, 530-10 2)
4 - 0 h 35 min ","Raw Data (500-10, 530-10 2)
5 - 0 h 47 min ","Raw Data (500-10, 530-10 2)
6 - 0 h 58 min ","Raw Data (500-10, 530-10 2)
7 - 1 h 10 min ","Raw Data (500-10, 530-10 2)
8 - 1 h 22 min ","Raw Data (500-10, 530-10 2)
9 - 1 h 34 min ","Raw Data (500-10, 530-10 2)
10 - 1 h 46 min ","Raw Data (500-10, 530-10 2)
11 - 1 h 57 min ","Raw Data (500-10, 530-10 2)
12 - 2 h 9 min ","Raw Data (500-10, 530-10 2)
13 - 2 h 21 min ","Raw Data (500-10, 530-10 2)
14 - 2 h 33 min ","Raw Data (500-10, 530-10 2)
15 - 2 h 45 min ","Raw Data (500-10, 530-10 2)
16 - 2 h 56 min ","Raw Data (500-10, 530-10 2)
17 - 3 h 8 min ","Raw Data (500-10, 530-10 2)
18 - 3 h 20 min ","Raw Data (500-10, 530-10 2)
19 - 3 h 32 min ","Raw Data (500-10, 530-10 2)
20 - 3 h 44 min ","Raw Data (500-10, 530-10 2)
21 - 3 h 55 min ","Raw Data (500-10, 530-10 2)
22 - 4 h 7 min ","Raw Data (500-10, 530-10 2)
23 - 4 h 19 min ","Raw Data (500-10, 530-10 2)
24 - 4 h 31 min ","Raw Data (500-10, 530-10 2)
25 - 4 h 43 min ","Raw Data (500-10, 530-10 2)
26 - 4 h 54 min ","Raw Data (500-10, 530-10 2)
27 - 5 h 6 min ","Raw Data (500-10, 530-10 2)
28 - 5 h 18 min ","Raw Data (500-10, 530-10 2)
29 - 5 h 30 min ","Raw Data (500-10, 530-10 2)
30 - 5 h 42 min ","Raw Data (500-10, 530-10 2)
31 - 5 h 54 min ","Raw Data (500-10, 530-10 2)
32 - 6 h 5 min ","Raw Data (500-10, 530-10 2)
33 - 6 h 17 min ","Raw Data (500-10, 530-10 2)
34 - 6 h 29 min ","Raw Data (500-10, 530-10 2)
35 - 6 h 41 min ","Raw Data (500-10, 530-10 2)
36 - 6 h 53 min ","Raw Data (500-10, 530-10 2)
37 - 7 h 4 min ","Raw Data (500-10, 530-10 2)
38 - 7 h 16 min ","Raw Data (500-10, 530-10 2)
39 - 7 h 28 min ","Raw Data (500-10, 530-10 2)
40 - 7 h 40 min ","Raw Data (500-10, 530-10 2)
41 - 7 h 52 min ","Raw Data (500-10, 530-10 2)
42 - 8 h 3 min ","Raw Data (500-10, 530-10 2)
43 - 8 h 15 min ","Raw Data (500-10, 530-10 2)
44 - 8 h 27 min ","Raw Data (500-10, 530-10 2)
45 - 8 h 39 min ","Raw Data (500-10, 530-10 2)
46 - 8 h 51 min ","Raw Data (500-10, 530-10 2)
47 - 9 h 3 min ","Raw Data (500-10, 530-10 2)
48 - 9 h 14 min ","Raw Data (500-10, 530-10 2)
49 - 9 h 26 min ","Raw Data (500-10, 530-10 2)
50 - 9 h 38 min ","Raw Data (500-10, 530-10 2)
51 - 9 h 50 min ","Raw Data (600, Lens 3)
1 - 0 h  ","Raw Data (600, Lens 3)
2 - 0 h 11 min ","Raw Data (600, Lens 3)
3 - 0 h 23 min ","Raw Data (600, Lens 3)
4 - 0 h 35 min ","Raw Data (600, Lens 3)
5 - 0 h 47 min ","Raw Data (600, Lens 3)
6 - 0 h 58 min ","Raw Data (600, Lens 3)
7 - 1 h 10 min ","Raw Data (600, Lens 3)
8 - 1 h 22 min ","Raw Data (600, Lens 3)
9 - 1 h 34 min ","Raw Data (600, Lens 3)
10 - 1 h 46 min ","Raw Data (600, Lens 3)
11 - 1 h 57 min ","Raw Data (600, Lens 3)
12 - 2 h 9 min ","Raw Data (600, Lens 3)
13 - 2 h 21 min ","Raw Data (600, Lens 3)
14 - 2 h 33 min ","Raw Data (600, Lens 3)
15 - 2 h 45 min ","Raw Data (600, Lens 3)
16 - 2 h 56 min ","Raw Data (600, Lens 3)
17 - 3 h 8 min ","Raw Data (600, Lens 3)
18 - 3 h 20 min ","Raw Data (600, Lens 3)
19 - 3 h 32 min ","Raw Data (600, Lens 3)
20 - 3 h 44 min ","Raw Data (600, Lens 3)
21 - 3 h 55 min ","Raw Data (600, Lens 3)
22 - 4 h 7 min ","Raw Data (600, Lens 3)
23 - 4 h 19 min ","Raw Data (600, Lens 3)
24 - 4 h 31 min ","Raw Data (600, Lens 3)
25 - 4 h 43 min ","Raw Data (600, Lens 3)
26 - 4 h 54 min ","Raw Data (600, Lens 3)
27 - 5 h 6 min ","Raw Data (600, Lens 3)
28 - 5 h 18 min ","Raw Data (600, Lens 3)
29 - 5 h 30 min ","Raw Data (600, Lens 3)
30 - 5 h 42 min ","Raw Data (600, Lens 3)
31 - 5 h 54 min ","Raw Data (600, Lens 3)
32 - 6 h 5 min ","Raw Data (600, Lens 3)
33 - 6 h 17 min ","Raw Data (600, Lens 3)
34 - 6 h 29 min ","Raw Data (600, Lens 3)
35 - 6 h 41 min ","Raw Data (600, Lens 3)
36 - 6 h 53 min ","Raw Data (600, Lens 3)
37 - 7 h 4 min ","Raw Data (600, Lens 3)
38 - 7 h 16 min ","Raw Data (600, Lens 3)
39 - 7 h 28 min ","Raw Data (600, Lens 3)
40 - 7 h 40 min ","Raw Data (600, Lens 3)
41 - 7 h 52 min ","Raw Data (600, Lens 3)
42 - 8 h 3 min ","Raw Data (600, Lens 3)
43 - 8 h 15 min ","Raw Data (600, Lens 3)
44 - 8 h 27 min ","Raw Data (600, Lens 3)
45 - 8 h 39 min ","Raw Data (600, Lens 3)
46 - 8 h 51 min ","Raw Data (600, Lens 3)
47 - 9 h 3 min ","Raw Data (600, Lens 3)
48 - 9 h 14 min ","Raw Data (600, Lens 3)
49 - 9 h 26 min ","Raw Data (600, Lens 3)
50 - 9 h 38 min ","Raw Data (600, Lens 3)
51 - 9 h 50 min "
,,,,0,0.195833333333333,0.392777777777778,0.589166666666667,0.785833333333333,0.982222222222222,1.17916666666667,1.37555555555556,1.5725,1.76861111111111,1.96527777777778,2.16194444444444,2.35861111111111,2.55611111111111,2.75277777777778,2.94944444444444,3.14611111111111,3.3425,3.53916666666667,3.73583333333333,3.93305555555556,4.12916666666667,4.32611111111111,4.52305555555556,4.71972222222222,4.91638888888889,5.11333333333333,5.30972222222222,5.50666666666667,5.70361111111111,5.90055555555555,6.09777777777778,6.29416666666667,6.49111111111111,6.68777777777778,6.88472222222222,7.08138888888889,7.27888888888889,7.47555555555556,7.6725,7.86944444444444,8.06638888888889,8.26333333333333,8.46,8.65694444444445,8.85388888888889,9.05083333333333,9.2475,9.44472222222222,9.64166666666667,9.83861111111111,0,0.195833333333333,0.392777777777778,0.589166666666667,0.785833333333333,0.982222222222222,1.17916666666667,1.37555555555556,1.5725,1.76861111111111,1.96527777777778,2.16194444444444,2.35861111111111,2.55611111111111,2.75277777777778,2.94944444444444,3.14611111111111,3.3425,3.53916666666667,3.73583333333333,3.93305555555556,4.12916666666667,4.32611111111111,4.52305555555556,4.71972222222222,4.91638888888889,5.11333333333333,5.30972222222222,5.50666666666667,5.70361111111111,5.90055555555555,6.09777777777778,6.29416666666667,6.49111111111111,6.68777777777778,6.88472222222222,7.08138888888889,7.27888888888889,7.47555555555556,7.6725,7.86944444444444,8.06638888888889,8.26333333333333,8.46,8.65694444444445,8.85388888888889,9.05083333333333,9.2475,9.44472222222222,9.64166666666667,9.83861111111111,0,0.195833333333333,0.392777777777778,0.589166666666667,0.785833333333333,0.982222222222222,1.17916666666667,1.37555555555556,1.5725,1.76861111111111,1.96527777777778,2.16194444444444,2.35861111111111,2.55611111111111,2.75277777777778,2.94944444444444,3.14611111111111,3.3425,3.53916666666667,3.73583333333333,3.93305555555556,4.12916666666667,4.32611111111111,4.52305555555556,4.71972222222222,4.91638888888889,5.11333333333333,5.30972222222222,5.50666666666667,5.70361111111111,5.90055555555555,6.09777777777778,6.29416666666667,6.49111111111111,6.68777777777778,6.88472222222222,7.08138888888889,7.27888888888889,7.47555555555556,7.6725,7.86944444444444,8.06638888888889,8.26333333333333,8.46,8.65694444444445,8.85388888888889,9.05083333333333,9.2475,9.44472222222222,9.64166666666667,9.83861111111111
A,Sample X1,1,A,4098,3948,3861,3846,3872,3836,3882,3883,3996,3893,3986,4047,4084,4114,4290,4434,4535,4734,5132,5326,5875,6373,6965,7635,8592,9374,10327,11565,12690,13941,15587,17318,19116,21193,23148,25324,27348,29590,32181,34202,36778,38972,41061,42639,44195,46140,47824,49260,51066,52600,54406,369,368,356,355,358,337,340,335,345,336,334,334,330,338,343,333,334,340,340,340,342,337,343,342,342,328,347,341,343,355,369,356,367,391,396,411,434,456,453,460,486,493,516,535,553,546,566,555,580,580,601,0.0831,0.0812,0.0817,0.0838,0.0852,0.0904,0.0948,0.0962,0.099,0.1031,0.1076,0.1162,0.1225,0.1291,0.1408,0.1535,0.1668,0.1835,0.2026,0.2269,0.2536,0.2843,0.323,0.3614,0.4199,0.4835,0.5392,0.6179,0.7301,0.861,1.0051,1.2052,1.3801,1.604,1.7942,1.9779,2.1141,2.2207,2.3286,2.4149,2.4847,2.5318,2.5886,2.668,2.6613,2.7192,2.7374,2.7649,2.7974,2.8588,2.8671
A,Sample X2,2,A,4077,3990,3876,3883,3878,3777,3898,3934,3890,3917,4032,4119,3995,4170,4161,4400,4517,4860,4963,5386,5840,6203,6715,7304,8187,9002,9993,11123,11944,13230,14818,16403,18126,19915,21724,23808,25435,28078,29902,32228,34304,36536,38000,39677,41614,42951,44186,45737,47440,48276,49712,363,362,365,361,372,348,361,354,344,358,355,339,330,342,339,336,353,351,334,332,346,339,334,345,341,336,347,348,350,343,369,369,380,388,404,413,421,448,463,483,490,509,518,527,537,552,556,569,586,574,581,0.0819,0.0805,0.0799,0.081,0.0842,0.0886,0.0908,0.0942,0.0951,0.1008,0.1054,0.1121,0.1186,0.1269,0.1374,0.1486,0.1609,0.1789,0.1986,0.2199,0.2484,0.2782,0.318,0.3588,0.4085,0.4715,0.5261,0.5894,0.6503,0.7427,0.8323,0.9292,0.9987,1.1164,1.2836,1.5356,1.7229,1.9407,2.0783,2.1758,2.2899,2.3598,2.4461,2.5657,2.5455,2.613,2.6181,2.6528,2.7021,2.7436,2.7745
A,Sample X3,3,A,4097,4010,3996,3940,3973,3961,3972,3918,3851,4036,4102,3982,4171,4260,4254,4401,4584,4832,5025,5424,5865,6373,6908,7507,8242,8999,9997,10902,11988,13167,14704,16179,17912,19584,21543,23317,25021,26911,28989,30916,33381,35445,36519,38487,39553,40892,42090,43490,44601,45980,47120,380,371,356,372,356,354,359,360,364,349,341,352,360,363,355,345,344,345,353,336,341,346,334,351,345,352,349,348,353,368,361,363,385,376,404,419,425,450,464,481,501,509,523,542,539,550,561,579,597,580,589,0.0803,0.0814,0.0801,0.0807,0.0852,0.0873,0.0896,0.0911,0.0944,0.0968,0.1023,0.1101,0.1148,0.1218,0.1343,0.145,0.1589,0.1734,0.1929,0.2144,0.2384,0.2667,0.306,0.3465,0.3967,0.4491,0.5046,0.5608,0.6136,0.6746,0.7329,0.8068,0.8803,0.9701,1.0713,1.2194,1.352,1.5088,1.6259,1.7178,1.7981,1.8683,1.9456,2.0672,2.0603,2.1136,2.1426,2.183,2.2416,2.2888,2.315
A,Sample X4,4,A,4078,3961,3936,3886,3851,3860,3806,3876,3903,3926,4051,4032,4026,4240,4265,4415,4642,4782,5001,5360,5798,6284,6943,7382,8100,8965,9906,10950,12021,13192,14519,15990,17780,19779,21337,23602,25362,27213,29225,31510,33484,35454,37468,38942,40150,41830,42909,44428,45834,46883,48363,368,380,366,372,352,355,346,358,364,349,339,357,357,342,340,349,335,344,342,345,347,335,342,338,345,351,350,352,346,351,373,363,379,390,398,420,433,432,458,472,489,502,523,538,562,547,553,566,574,582,597,0.0781,0.079,0.0798,0.0798,0.0829,0.0857,0.0891,0.0903,0.092,0.0949,0.1013,0.1076,0.1124,0.1195,0.1296,0.1403,0.1538,0.1676,0.1869,0.207,0.2298,0.2579,0.2932,0.3342,0.3784,0.4289,0.4805,0.5325,0.5858,0.6419,0.6967,0.7596,0.8142,0.877,0.9534,1.0794,1.1982,1.3461,1.4624,1.5753,1.6887,1.7502,1.8292,1.9235,1.9307,1.9909,2.0186,2.0526,2.0956,2.1436,2.1527
A,Sample X5,5,A,4129,3969,3957,3856,3842,3806,4002,3946,3937,3959,3988,4002,4181,4139,4270,4529,4646,4808,5139,5459,5858,6188,6919,7488,8231,9015,9955,10859,11879,13078,14140,15977,17419,19474,21104,22766,24717,26854,28717,30954,32624,34667,36584,38100,39490,40760,41854,43514,44627,45714,46917,368,376,362,359,354,356,352,358,366,349,346,338,354,353,342,345,348,342,351,337,342,332,338,353,340,339,346,350,354,360,377,377,396,390,402,422,417,438,451,484,484,501,527,535,526,550,554,559,580,575,592,0.0775,0.0763,0.0766,0.0785,0.0803,0.0834,0.0853,0.0867,0.0888,0.0924,0.0974,0.1055,0.1091,0.1154,0.1281,0.1343,0.1459,0.1634,0.1822,0.2008,0.2249,0.2513,0.2873,0.3251,0.3691,0.4202,0.4729,0.52,0.5696,0.6249,0.6762,0.7382,0.7977,0.8557,0.923,1.0157,1.1046,1.2275,1.3326,1.448,1.5524,1.6337,1.6982,1.7679,1.7758,1.8316,1.8601,1.8895,1.9366,1.967,1.9854
A,Sample X6,6,A,4170,4011,4048,3933,4002,4007,3982,3992,4043,3994,4036,4127,4137,4310,4377,4487,4713,4831,5170,5456,5807,6426,6842,7690,8350,9229,10143,11056,12229,13353,14780,16078,17896,19953,21570,23469,25375,27262,29259,31410,33262,35425,37290,38942,40156,41458,43011,44311,45678,46970,48410,375,379,378,370,367,351,362,368,361,351,339,347,352,353,350,345,355,351,341,348,338,354,349,346,347,342,366,349,357,359,366,363,383,390,409,413,430,452,449,465,490,520,521,549,540,553,570,575,588,581,592,0.0799,0.0802,0.0802,0.0823,0.0842,0.0865,0.0897,0.0915,0.0929,0.0951,0.1007,0.1099,0.116,0.1201,0.1303,0.142,0.1534,0.1665,0.1865,0.2051,0.2283,0.2554,0.2892,0.3305,0.3735,0.4254,0.474,0.5257,0.5683,0.625,0.6781,0.7364,0.7909,0.8565,0.9186,1.0134,1.1017,1.1901,1.2837,1.3874,1.4567,1.5499,1.6283,1.7043,1.7239,1.771,1.8117,1.8424,1.8858,1.9254,1.9319
A,Sample X7,7,A,4108,4012,3983,3922,4043,3940,3858,3981,4117,3916,4174,4126,4134,4209,4397,4504,4716,4871,5136,5456,5867,6445,6952,7602,8377,9214,10061,11076,12144,13257,14778,16315,17984,19858,21909,23553,25456,27303,29740,31673,33968,36025,38096,39405,41142,42284,43483,44548,46093,47642,48514,371,369,378,378,360,362,356,354,371,366,358,347,338,366,341,351,344,349,353,354,350,344,346,360,337,344,347,346,357,352,366,367,390,380,412,425,428,433,452,473,492,497,522,532,539,560,557,567,574,576,585,0.0764,0.0775,0.0778,0.0776,0.0809,0.0846,0.0857,0.0893,0.0918,0.0934,0.099,0.1052,0.1103,0.1177,0.1281,0.1374,0.1485,0.1625,0.182,0.2013,0.2261,0.251,0.2865,0.3204,0.3689,0.4138,0.4645,0.5108,0.5622,0.6139,0.6663,0.7311,0.7907,0.8509,0.9171,1.0052,1.091,1.1884,1.2904,1.3734,1.4712,1.5505,1.6321,1.7275,1.7551,1.7946,1.825,1.8749,1.9017,1.9279,1.9672
A,Sample X8,8,A,4074,4041,3922,3884,3899,3855,3915,3943,3810,3986,4030,4046,4172,4175,4320,4544,4735,4820,5040,5510,5854,6312,6839,7582,8331,9147,10204,11123,12308,13416,14748,16292,18038,20003,21815,23680,25407,27588,29443,31812,33826,35645,38448,39692,41099,42459,44060,45392,46917,47966,49190,369,381,373,358,352,353,354,348,347,342,354,338,345,340,343,345,360,347,347,348,345,347,343,351,336,358,349,343,342,350,354,375,376,399,396,416,424,438,463,462,475,492,506,523,536,558,563,560,575,576,587,0.0808,0.084,0.0825,0.0831,0.0892,0.0901,0.0928,0.0939,0.0962,0.098,0.1034,0.1118,0.1157,0.1247,0.1332,0.1404,0.1533,0.168,0.1875,0.2058,0.2299,0.2547,0.2915,0.3253,0.3719,0.4117,0.4675,0.5172,0.5666,0.6169,0.6724,0.731,0.792,0.8477,0.9193,1.0044,1.0894,1.1908,1.2956,1.3923,1.5085,1.5679,1.6533,1.748,1.7667,1.8083,1.8381,1.8699,1.9197,1.9459,1.9893
A,Sample X9,9,A,4038,3958,3802,3819,3838,3759,3939,3762,3872,3928,3932,3990,4067,4202,4208,4423,4629,4778,4993,5337,5598,6263,6743,7332,8172,9064,10021,11040,12065,13195,14589,16174,17743,19988,21966,23728,25737,27811,30065,31930,34471,36889,38872,40479,42460,43583,44832,46445,48249,49446,50910,365,392,363,362,358,357,353,346,358,363,346,342,338,350,350,342,342,346,330,350,341,330,349,325,340,336,344,338,348,357,361,378,388,370,400,420,428,427,451,468,474,490,505,527,537,540,531,572,567,585,576,0.0789,0.0795,0.0798,0.0784,0.0818,0.084,0.0877,0.0912,0.0925,0.0939,0.0982,0.105,0.1092,0.1168,0.1254,0.134,0.1452,0.1603,0.1805,0.1952,0.2205,0.2445,0.2771,0.3123,0.3521,0.3957,0.4442,0.4917,0.5352,0.5901,0.6392,0.7025,0.7546,0.8197,0.8859,0.9668,1.0431,1.1517,1.2534,1.3563,1.4606,1.5256,1.6206,1.7682,1.7426,1.798,1.8388,1.8881,1.9398,1.9958,2.0297
A,Sample X10,10,A,4003,3909,3849,3856,3869,3724,3840,3860,3959,3857,3910,3984,4002,4147,4276,4323,4534,4661,4936,5289,5720,6265,6702,7350,7968,8839,9787,10770,11904,13012,14154,15926,17559,19194,21222,22932,25120,26801,29405,31391,33308,35760,38099,39804,41366,42692,44327,45254,46897,48530,50114,357,360,356,343,348,343,359,333,333,351,346,339,345,350,331,334,344,334,340,343,340,330,339,331,339,331,332,345,352,348,360,358,382,383,390,406,425,437,456,478,481,491,515,517,535,548,555,563,554,560,570,0.0772,0.0796,0.078,0.0788,0.0805,0.0831,0.0876,0.0899,0.0893,0.0921,0.0973,0.1037,0.1088,0.1149,0.1232,0.1347,0.1433,0.1576,0.1761,0.1945,0.2167,0.2404,0.2745,0.3111,0.3492,0.3996,0.4462,0.4955,0.537,0.5887,0.6355,0.6985,0.7535,0.8142,0.8778,0.959,1.0364,1.1245,1.2129,1.2841,1.3714,1.4276,1.5251,1.6125,1.6477,1.6916,1.7327,1.7873,1.8342,1.8718,1.909
A,Sample X11,11,A,4000,3986,3912,3850,3870,3819,3929,3813,3875,3834,3917,4008,4028,4077,4197,4453,4486,4724,4982,5226,5712,6352,6897,7353,8116,9005,10085,11044,11990,13214,14531,16286,17743,19708,21636,23460,25348,27343,29461,31776,33992,35958,38336,40183,41735,43419,45180,46160,47893,49643,50786,372,368,365,356,347,344,361,353,348,357,347,350,340,346,345,345,348,344,339,338,334,337,330,342,334,326,339,334,348,340,346,355,364,375,392,397,415,428,458,447,467,493,511,516,534,514,545,563,560,569,579,0.0819,0.0812,0.0836,0.0825,0.0834,0.0871,0.0904,0.0939,0.0938,0.0971,0.1021,0.108,0.1135,0.1206,0.1293,0.1403,0.1543,0.1668,0.1872,0.2059,0.2295,0.2538,0.2824,0.3249,0.3637,0.4131,0.4563,0.5106,0.553,0.6089,0.6589,0.7213,0.7787,0.8374,0.9005,0.9825,1.07,1.1618,1.2488,1.3159,1.4052,1.4642,1.5574,1.6505,1.6707,1.7206,1.7704,1.8106,1.8734,1.9097,1.9505
A,Sample X12,12,A,3942,3798,3786,3845,3835,3763,3840,3851,3883,3911,3914,3964,4073,4046,4182,4322,4556,4702,5018,5259,5599,6125,6750,7313,8068,8973,10095,10928,12135,13318,14880,16755,18106,20403,22305,24028,26216,28444,31109,32946,35772,37905,39816,42294,43882,45652,47625,48782,50517,52387,54147,362,361,379,350,360,338,350,348,342,333,341,340,340,344,336,339,354,336,334,343,334,331,338,340,333,337,346,341,338,344,359,358,370,380,386,399,418,432,447,455,481,488,509,510,530,515,537,536,551,583,570,0.0804,0.0808,0.0814,0.0846,0.0842,0.0875,0.0899,0.0916,0.0938,0.0956,0.0984,0.1075,0.1118,0.1177,0.1277,0.1381,0.1484,0.162,0.1784,0.1974,0.2203,0.2447,0.2773,0.3104,0.3519,0.3951,0.442,0.4898,0.5356,0.5915,0.6417,0.7088,0.7627,0.822,0.8948,1.0474,1.2147,1.4316,1.6333,1.7411,1.9197,2.0487,2.176,2.4006,2.4154,2.4876,2.5292,2.5706,2.6177,2.6523,2.683
B,Sample X1,1,B,4160,4015,4006,3859,3975,3916,3867,3972,3932,4046,3995,4085,4137,4225,4310,4617,4625,4911,5129,5562,5850,6356,6967,7611,8492,9288,10274,11304,12402,13383,15040,16518,18212,20311,22156,23932,25619,27854,29776,32211,34287,35993,38154,39376,40950,42405,43828,45153,46496,47751,49163,383,374,374,378,346,356,348,356,360,341,345,348,352,345,334,343,331,337,345,334,337,328,346,342,343,343,346,349,368,356,364,375,393,388,398,428,444,455,452,486,503,508,526,519,552,564,567,579,572,581,596,0.0798,0.0803,0.0809,0.0833,0.086,0.0902,0.0951,0.0951,0.0993,0.1029,0.1086,0.1165,0.1229,0.1322,0.1451,0.1542,0.1661,0.1831,0.2059,0.2274,0.2555,0.2907,0.3278,0.3705,0.422,0.4864,0.5442,0.6293,0.7588,0.8836,1.0022,1.1215,1.2785,1.4751,1.6462,1.8369,2.0147,2.1277,2.2067,2.3246,2.3827,2.4186,2.4805,2.5694,2.576,2.6114,2.6564,2.6598,2.7156,2.742,2.7756
B,Sample X2,2,B,4170,4036,3973,3968,3920,3902,4019,3990,3960,3994,3962,4096,4161,4214,4362,4443,4690,4815,5124,5380,5818,6286,6867,7597,8268,9042,9919,10971,12022,13149,14601,15996,17648,19531,21276,23224,24910,27116,28902,30874,32868,35017,36634,37970,39231,40480,42149,43006,44160,45510,46825,369,390,375,367,373,352,365,370,348,352,346,348,348,346,345,352,358,340,350,344,346,343,364,334,356,354,345,353,367,356,372,377,381,398,402,433,423,454,470,485,488,510,536,526,538,564,575,578,588,586,595,0.0765,0.0797,0.0786,0.0828,0.0838,0.086,0.0926,0.0955,0.0965,0.1002,0.1071,0.1157,0.1239,0.132,0.1435,0.1572,0.17,0.1847,0.2045,0.2264,0.2541,0.2816,0.3158,0.3598,0.4071,0.4676,0.5201,0.5759,0.6573,0.7378,0.8282,0.9138,1.0339,1.1637,1.3091,1.513,1.7091,1.874,2.0147,2.1359,2.225,2.2841,2.3219,2.4458,2.4405,2.4919,2.5294,2.5435,2.5812,2.6222,2.6573
B,Sample X3,3,B,4138,4160,4037,3978,4028,3917,3915,3992,4018,4060,4064,4280,4151,4155,4371,4488,4626,4887,5178,5396,5793,6390,6888,7597,8072,9030,10060,10823,11900,12987,14285,15806,17592,19404,21162,23014,24530,26498,28468,30539,32532,34086,35962,37230,38264,39657,41142,41863,43095,44326,45261,384,394,376,387,386,366,366,350,362,347,349,355,356,361,354,362,362,370,350,355,348,338,354,355,352,354,362,348,367,374,390,380,397,408,424,436,452,468,475,497,493,530,530,558,529,558,565,565,571,592,622,0.0794,0.0822,0.0804,0.0839,0.0847,0.0902,0.0946,0.0966,0.0974,0.1036,0.1067,0.1165,0.1218,0.1284,0.1408,0.151,0.1625,0.176,0.1981,0.218,0.2477,0.277,0.31,0.3539,0.3974,0.4542,0.5011,0.5533,0.6185,0.6746,0.7279,0.7937,0.8669,0.9584,1.05,1.171,1.3306,1.4647,1.5984,1.6941,1.7559,1.8534,1.9433,2.115,2.0912,2.1645,2.2081,2.2621,2.2955,2.3804,2.4231
B,Sample X4,4,B,4218,4142,4026,4036,4021,3974,3896,4044,3975,4058,4058,4101,4208,4282,4274,4502,4517,4902,5156,5471,5786,6189,6881,7426,8189,9109,9894,10986,11909,12862,14196,15750,17464,19212,20814,23088,24629,26418,28546,30232,32308,33972,35703,36930,38272,39920,40872,41880,43297,44402,45032,378,376,393,376,386,373,363,366,358,361,365,362,358,355,356,359,346,346,355,350,357,352,347,362,359,366,353,362,360,382,381,394,396,408,411,425,462,466,465,486,520,508,539,539,559,568,580,570,598,607,600,0.0816,0.0798,0.0805,0.0822,0.0848,0.0899,0.0902,0.0928,0.0979,0.0996,0.1043,0.1125,0.1194,0.1278,0.1386,0.1486,0.1585,0.1746,0.1944,0.2158,0.2433,0.2706,0.3059,0.3454,0.3906,0.4492,0.4936,0.5409,0.6019,0.6548,0.7113,0.7689,0.8404,0.9186,1.0041,1.1194,1.2492,1.369,1.475,1.5895,1.6585,1.7064,1.7682,1.8928,1.8592,1.9268,1.9502,1.9996,2.0296,2.1165,2.1618
B,Sample X5,5,B,4258,4167,4071,4040,4012,3978,4091,3952,4052,4026,4065,4157,4114,4317,4323,4444,4659,4875,5210,5386,5937,6368,6954,7552,8118,9037,9968,10930,12048,13029,14328,15720,17327,19166,20901,22798,24485,26267,28233,30204,32212,34187,35826,37193,38254,39208,40813,41966,43027,43984,45184,392,384,382,376,376,357,363,359,355,360,354,359,354,347,358,351,366,356,344,348,359,356,352,352,350,350,356,361,368,377,381,377,393,414,413,430,438,460,472,480,498,511,542,538,564,560,571,569,598,596,598,0.0754,0.0761,0.0764,0.0803,0.0824,0.0844,0.0878,0.0909,0.0918,0.0978,0.0989,0.108,0.1136,0.1212,0.1316,0.1404,0.1526,0.1669,0.1888,0.2085,0.2318,0.2614,0.2959,0.3357,0.3834,0.4408,0.4871,0.5313,0.5922,0.6445,0.696,0.756,0.8263,0.8875,0.9547,1.0461,1.1634,1.2749,1.3897,1.5248,1.5803,1.65,1.6981,1.7521,1.7601,1.7964,1.8193,1.8507,1.8825,1.9367,1.965
B,Sample X6,6,B,4177,4121,3982,3931,4082,3906,3990,4023,3967,4024,4142,4045,4183,4087,4356,4521,4558,4733,5058,5409,5848,6160,6792,7399,8176,8971,9995,10770,11746,12900,14264,15889,17460,19262,21045,22816,24946,26760,29144,31107,33093,34873,36895,38295,39497,40940,42112,43476,44848,46166,47461,393,404,390,388,373,356,366,360,376,356,349,358,372,363,344,351,358,348,361,342,350,362,344,351,360,345,352,370,357,372,375,386,396,411,422,430,456,464,474,510,493,529,528,545,551,547,574,571,588,601,604,0.0792,0.0784,0.0801,0.0831,0.0846,0.0892,0.0918,0.0954,0.0957,0.1002,0.1041,0.1111,0.116,0.1242,0.1318,0.1439,0.1537,0.1683,0.1878,0.2067,0.2312,0.2548,0.2857,0.3275,0.3693,0.4188,0.4674,0.5085,0.5627,0.6154,0.6643,0.7221,0.7847,0.8456,0.9115,0.9965,1.0877,1.1828,1.2842,1.4213,1.4855,1.6007,1.6716,1.8459,1.7983,1.8505,1.8765,1.9099,1.9332,2.0058,2.0132
B,Sample X7,7,B,4297,4159,4044,4052,4103,3946,3976,4034,4041,3963,4086,4150,4180,4303,4440,4536,4740,4872,5187,5544,5909,6352,6987,7536,8249,9097,10082,10929,12010,13296,14438,15916,17523,19565,20990,23315,24867,26601,28544,30833,32711,34787,36533,37835,39350,40520,41790,43033,44253,45586,46990,385,386,383,371,376,371,376,361,367,354,355,376,360,362,364,352,357,352,350,355,362,355,350,364,366,360,362,372,372,374,374,379,392,410,402,428,434,462,480,478,519,512,540,540,559,561,558,560,592,601,594,0.0779,0.0796,0.0786,0.0799,0.0842,0.087,0.0887,0.0947,0.0945,0.0975,0.1023,0.1078,0.1148,0.1213,0.1305,0.1403,0.1527,0.1663,0.1855,0.2047,0.2288,0.2519,0.2877,0.3243,0.3715,0.4197,0.4673,0.509,0.5653,0.6251,0.6663,0.7293,0.79,0.8518,0.9168,0.9977,1.0927,1.1809,1.2717,1.387,1.4631,1.5553,1.6346,1.7263,1.7323,1.7637,1.7861,1.825,1.854,1.9074,1.9466
B,Sample X8,8,B,4251,4106,4069,4045,4016,3919,3947,4014,4053,4099,4064,4059,4156,4277,4479,4566,4713,4860,5112,5379,5891,6297,6835,7370,8339,9060,10091,10960,12080,13297,14257,15897,17703,19377,21430,23194,24830,26761,28960,30980,32954,35204,36996,38323,40063,41457,42717,44106,45303,46608,47708,382,383,388,378,374,368,366,368,358,357,352,348,354,349,366,357,348,344,354,351,363,362,350,357,352,362,358,360,370,363,374,401,394,400,412,434,445,450,464,480,498,518,542,529,535,560,570,577,589,598,617,0.0854,0.0778,0.0748,0.0791,0.0827,0.086,0.0866,0.0894,0.0909,0.0946,0.0986,0.106,0.1121,0.1166,0.1267,0.1369,0.1488,0.1609,0.1812,0.1987,0.2214,0.2475,0.2809,0.3222,0.363,0.4166,0.4617,0.5016,0.5587,0.6146,0.6642,0.7175,0.7857,0.8389,0.9027,0.9835,1.0873,1.1734,1.2656,1.3888,1.474,1.5674,1.637,1.7713,1.7545,1.8121,1.8613,1.9034,1.95,2.0102,2.0694
B,Sample X9,9,B,4264,4174,4078,3980,4034,3994,4052,4002,4083,4058,4120,4136,4232,4304,4414,4470,4639,4937,5084,5426,5822,6286,6884,7422,8169,9090,9931,11028,12118,13333,14540,15904,17754,19288,21323,23268,24900,27097,28781,31548,33273,35578,37273,39151,40767,41837,43438,45182,45936,47410,48750,393,385,379,377,376,369,352,350,364,366,364,358,360,354,341,337,352,356,350,370,353,352,352,354,358,354,358,353,372,374,382,378,394,411,409,430,434,444,473,478,489,520,519,544,550,564,586,572,580,614,605,0.0788,0.0813,0.0803,0.0805,0.086,0.0879,0.0915,0.094,0.0951,0.1002,0.1041,0.1098,0.1153,0.1226,0.1334,0.1427,0.1545,0.1682,0.1874,0.2052,0.2292,0.2518,0.2869,0.3185,0.3621,0.4122,0.4568,0.4948,0.5532,0.6035,0.6499,0.7079,0.7756,0.8377,0.8969,0.9765,1.0685,1.1656,1.2676,1.3878,1.4926,1.6187,1.7325,1.9592,1.9151,1.9783,2.038,2.0806,2.1341,2.2149,2.2774
B,Sample X10,10,B,4115,4154,4039,4023,4083,3942,4057,4006,4051,4132,4100,4138,4076,4253,4365,4520,4645,4834,5056,5496,5885,6370,6824,7571,8279,9099,9962,11048,12114,13215,14565,15943,17687,19534,21434,23135,25268,27229,29111,31082,33794,35504,37646,39401,41423,42425,44138,45304,46545,47856,49798,379,392,380,374,362,360,373,360,361,361,363,373,350,364,370,350,353,336,358,356,356,353,342,349,354,349,367,354,362,369,383,386,400,388,414,416,450,440,456,487,504,511,527,527,542,560,558,575,591,599,585,0.0769,0.079,0.0784,0.0805,0.0825,0.0868,0.0899,0.0889,0.0913,0.094,0.098,0.1073,0.1108,0.119,0.1272,0.1372,0.1471,0.1606,0.1779,0.1957,0.2216,0.244,0.2772,0.3142,0.3564,0.4048,0.4506,0.4973,0.5524,0.6049,0.6457,0.7068,0.7688,0.8288,0.8947,0.9783,1.0755,1.2232,1.3625,1.5206,1.6874,1.8149,1.9446,2.1802,2.1132,2.1706,2.2258,2.2797,2.3051,2.3791,2.4339
B,Sample X11,11,B,4161,4147,4024,3912,3928,3993,3992,3948,3963,3971,4052,3987,4092,4193,4285,4455,4601,4761,5054,5421,5827,6205,6770,7241,8098,8907,10009,10940,11923,12997,14305,15871,17494,19339,21120,23044,24764,26722,28859,31308,33287,35410,37645,39345,41102,42494,43543,45290,46770,47842,49275,377,377,380,364,370,373,366,372,372,361,340,361,352,363,348,354,348,348,346,348,343,344,354,350,351,340,373,363,362,370,362,378,381,408,382,428,438,441,453,468,500,489,510,538,536,544,564,570,569,586,583,0.0895,0.0809,0.0821,0.0855,0.0882,0.0915,0.0951,0.0961,0.0987,0.1003,0.1051,0.1134,0.1191,0.124,0.1337,0.143,0.155,0.1677,0.1871,0.2044,0.2259,0.2541,0.2805,0.3131,0.356,0.4019,0.4504,0.4963,0.5496,0.5992,0.6485,0.7054,0.7697,0.8275,0.8881,0.9587,1.0548,1.1719,1.3192,1.4348,1.5532,1.6851,1.8348,2.081,2.0095,2.0971,2.1827,2.2086,2.2706,2.3577,2.3961
B,Sample X12,12,B,4096,3929,3891,3971,3980,3836,3876,3930,3840,3951,3965,3927,4048,4080,4260,4362,4527,4814,5011,5282,5775,6220,6763,7228,8027,9078,9992,10889,12022,13176,14460,16082,17882,19766,21500,23444,25516,27497,29796,31681,34032,36312,38772,40706,42352,44256,45347,47194,48378,50272,51629,374,372,364,360,382,350,351,351,351,348,357,346,346,348,344,346,337,350,334,355,352,345,344,346,350,333,354,344,350,362,355,375,372,376,386,394,424,443,464,460,479,486,505,515,530,529,562,556,558,563,579,0.082,0.0829,0.0832,0.0854,0.087,0.0902,0.0929,0.0937,0.0953,0.0989,0.1022,0.1112,0.1158,0.1208,0.1307,0.1392,0.1494,0.1637,0.1788,0.1983,0.2206,0.2436,0.2769,0.3081,0.3482,0.3954,0.4388,0.4847,0.5355,0.589,0.6356,0.6937,0.7532,0.8095,0.8712,0.9527,1.0591,1.2134,1.3721,1.515,1.6633,1.8144,1.945,2.1977,2.1301,2.2342,2.2916,2.3114,2.3761,2.4552,2.4917
C,Sample X1,1,C,4100,3979,3903,3883,3878,3909,3976,3939,3876,3970,4038,4028,4188,4194,4264,4458,4634,4803,5087,5488,5848,6358,6948,7636,8441,9328,10401,11139,12343,13633,15235,16762,18552,20750,22503,24504,26393,28646,30712,32844,35196,36950,39045,40270,42229,43402,44922,46419,47809,48868,50606,377,367,369,360,362,357,362,356,342,329,349,354,338,338,331,331,337,342,333,349,339,336,320,346,352,339,353,343,349,351,351,366,390,401,400,411,446,445,464,495,496,514,534,541,549,559,567,573,578,609,591,0.0769,0.0741,0.075,0.0771,0.0793,0.0812,0.0863,0.088,0.0916,0.0947,0.104,0.1087,0.1173,0.1247,0.1407,0.1509,0.1645,0.1856,0.1993,0.2246,0.2531,0.2856,0.3503,0.3861,0.4447,0.575,0.6767,0.8461,1.0416,1.2099,1.3438,1.4932,1.6471,1.7978,1.9215,2.0233,2.1456,2.2557,2.3156,2.3831,2.455,2.5102,2.5401,2.6156,2.6256,2.6553,2.7032,2.695,2.7415,2.7513,2.7924
C,Sample X2,2,C,4186,4060,3932,3950,3960,3930,3920,3914,3932,3971,4003,4112,4178,4192,4253,4452,4775,4813,5010,5416,5784,6248,6759,7457,8231,8994,9936,10980,12070,13117,14437,15870,17722,19568,21168,23273,25078,27018,28810,30852,33107,34632,36403,37995,39249,40302,41768,43230,44248,45565,46741,382,377,370,374,355,359,352,364,356,349,357,346,336,350,336,342,339,336,340,350,347,347,345,358,333,349,354,358,349,363,369,383,390,397,414,425,445,461,468,486,494,511,535,535,548,558,570,574,593,597,599,0.0757,0.0767,0.0762,0.0784,0.0809,0.0834,0.087,0.0901,0.0915,0.0949,0.1051,0.1137,0.1233,0.1331,0.1493,0.1623,0.1735,0.1972,0.2147,0.2377,0.2749,0.3074,0.3738,0.4156,0.4974,0.6172,0.7075,0.8457,0.9851,1.1394,1.2468,1.3494,1.4813,1.672,1.8122,1.9498,2.0955,2.2193,2.2986,2.3455,2.4409,2.472,2.5064,2.567,2.5739,2.5922,2.6381,2.6456,2.7035,2.683,2.7286
C,Sample X3,3,C,4206,4171,3991,3949,3920,4032,4110,3979,3982,3996,4083,4083,4232,4266,4367,4514,4678,4793,5069,5446,5866,6261,6857,7473,8196,9021,10072,10890,12046,12976,14433,15861,17603,19265,21503,23177,24984,26796,28781,30490,32318,34294,35774,37236,38472,39704,40958,42224,43130,44568,45174,386,372,370,362,372,371,361,365,343,346,358,360,350,348,361,359,345,340,355,352,347,359,336,355,354,352,362,362,364,361,374,383,394,410,408,446,448,466,466,496,508,532,544,557,561,562,581,572,598,605,600,0.0741,0.0758,0.0756,0.0773,0.0787,0.0829,0.0853,0.088,0.0891,0.0941,0.0987,0.1089,0.1149,0.1238,0.1344,0.149,0.1621,0.1777,0.1981,0.2195,0.2447,0.2796,0.3193,0.3582,0.4107,0.4622,0.5176,0.5762,0.6479,0.727,0.8379,0.9183,1.0219,1.1518,1.2892,1.5821,1.803,1.9455,2.0422,2.1574,2.2085,2.2869,2.3521,2.4007,2.43,2.4466,2.5068,2.5177,2.5626,2.616,2.6199
C,Sample X4,4,C,4173,4146,3940,3926,3924,3849,4019,4024,3986,3950,4024,4014,4166,4266,4225,4510,4590,4804,5049,5440,5838,6347,6777,7448,8467,9178,10072,11138,11993,13046,14328,15986,17570,19425,21098,23046,24700,26722,28496,30448,32524,34409,35621,37338,38384,39671,41258,42378,43645,44639,45738,384,383,382,387,362,352,353,360,356,355,351,357,354,346,354,340,350,352,352,349,344,348,338,346,352,358,356,362,353,375,370,382,389,410,431,431,454,448,480,487,489,511,539,538,561,564,582,569,596,604,599,0.075,0.0775,0.0754,0.0755,0.0788,0.0812,0.0853,0.0873,0.0871,0.0921,0.0972,0.1046,0.1113,0.1196,0.1319,0.1436,0.156,0.1709,0.1908,0.2119,0.2382,0.2694,0.3115,0.3455,0.3931,0.4568,0.5069,0.5521,0.6149,0.6792,0.7491,0.8084,0.8993,0.993,1.1212,1.3696,1.6128,1.805,1.9476,2.0489,2.1526,2.2291,2.1918,2.3279,2.3754,2.4293,2.4516,2.4779,2.5252,2.5702,2.5956
C,Sample X5,5,C,4106,4146,3957,4116,3988,4009,4092,4028,4046,4044,4145,4145,4092,4299,4344,4503,4698,4964,5187,5459,5873,6263,6884,7490,8167,9198,9899,11003,12131,13142,14376,15807,17759,19282,21240,23036,24705,26552,28385,30278,32214,34161,35738,37208,38608,39555,41000,42191,43123,44796,45493,399,380,384,380,370,372,367,363,361,360,356,356,354,366,357,358,352,348,347,359,356,364,353,350,368,351,360,366,371,364,384,399,390,410,426,426,447,460,483,480,502,533,532,540,543,570,576,587,598,588,601,0.0761,0.0767,0.0763,0.0774,0.0823,0.0817,0.0849,0.0871,0.0894,0.0938,0.0989,0.1055,0.1125,0.1215,0.1296,0.1437,0.1525,0.1686,0.1887,0.2087,0.2347,0.2652,0.3023,0.3384,0.3829,0.4389,0.49,0.5374,0.5969,0.6605,0.725,0.785,0.8432,0.9198,0.9967,1.1288,1.3007,1.5183,1.7235,1.8402,1.9768,2.1033,2.1525,2.2537,2.2898,2.337,2.3686,2.4,2.4404,2.4929,2.524
C,Sample X6,6,C,4210,4100,3975,3935,3946,3950,3958,3980,3968,3944,4032,4117,4180,4258,4430,4408,4666,4844,5055,5289,5873,6338,6883,7510,8322,8916,9978,10842,12052,13168,14450,15783,17725,19554,21187,23027,24786,26724,28627,30643,32508,34326,35947,37834,39165,40429,41778,42872,43998,45716,46859,380,380,369,372,374,359,365,354,363,355,364,353,350,353,347,360,356,359,354,358,348,348,345,339,350,342,355,361,350,375,375,383,379,416,412,437,452,458,474,482,496,516,533,549,540,554,580,600,586,594,607,0.076,0.0778,0.0786,0.079,0.0827,0.0855,0.0884,0.0907,0.0935,0.0995,0.1036,0.1112,0.1157,0.1244,0.134,0.1475,0.1581,0.1716,0.1916,0.21,0.2382,0.2606,0.301,0.3387,0.3814,0.4389,0.4875,0.5312,0.5879,0.6487,0.7066,0.759,0.826,0.8937,0.9655,1.1,1.2939,1.6335,1.7433,1.8594,2.0011,2.1286,2.1726,2.2857,2.3119,2.3818,2.3988,2.4619,2.4747,2.5248,2.5719
C,Sample X7,7,C,4242,4017,3925,3999,3960,3960,3922,3975,4058,4004,4147,4109,4186,4309,4412,4416,4686,4762,5156,5461,5764,6205,6841,7361,8246,8930,9770,10922,11778,13010,14292,15587,17350,18963,20945,22868,24597,26361,28515,30806,32360,34484,36324,37824,39172,40622,41779,43272,44528,45622,46696,386,370,392,375,370,353,363,362,357,350,354,363,356,359,351,346,352,361,359,353,351,364,360,353,352,361,354,364,349,374,367,381,403,398,410,421,448,462,466,493,505,506,527,524,541,548,567,584,570,608,600,0.0751,0.0756,0.074,0.0773,0.0784,0.081,0.0854,0.0862,0.0884,0.0916,0.0968,0.1036,0.1078,0.1161,0.1263,0.1372,0.1458,0.1612,0.1816,0.1988,0.2263,0.2512,0.2854,0.3245,0.3645,0.4232,0.4658,0.5073,0.5681,0.62,0.6832,0.7418,0.805,0.8687,0.9348,1.0359,1.1867,1.3611,1.5735,1.6771,1.8479,1.9907,2.0667,2.2036,2.2353,2.2978,2.3437,2.3866,2.4133,2.4492,2.4889
C,Sample X8,8,C,4124,4042,4042,4042,4052,3953,4055,4008,4056,4124,4110,4148,4126,4194,4347,4504,4610,4860,5113,5286,5766,6220,6826,7494,8088,9050,10080,11008,12082,13217,14542,16206,18084,19818,21684,23523,25418,27389,29712,31782,34057,36070,37992,39642,40879,42219,43976,45352,46632,48226,49351,385,376,394,382,377,369,366,366,371,347,360,351,357,360,357,349,354,340,359,359,344,358,377,343,360,350,374,364,375,363,380,393,389,408,425,428,450,467,464,503,504,514,532,552,550,549,565,584,594,616,618,0.0774,0.0796,0.0797,0.0797,0.0831,0.0856,0.0874,0.09,0.0915,0.0951,0.0979,0.1066,0.1098,0.1163,0.1244,0.1345,0.144,0.1572,0.1773,0.1938,0.2165,0.241,0.2762,0.3128,0.3493,0.404,0.4509,0.4931,0.5504,0.6079,0.6667,0.7237,0.7882,0.8561,0.9241,1.1629,1.4422,1.6695,1.8368,1.9606,2.0634,2.1349,2.2088,2.2676,2.3037,2.3752,2.4204,2.4606,2.4869,2.525,2.5566
C,Sample X9,9,C,4179,4064,3973,3972,3986,4000,4011,4016,4022,4044,3996,4137,4117,4222,4351,4546,4634,4760,4986,5402,5786,6249,6728,7403,8173,9002,9866,10934,12001,12980,14396,15879,17633,19164,21143,23103,25014,26723,28947,31022,33238,35601,37612,39302,40738,42215,43401,44882,46346,47997,49032,390,391,380,378,378,379,371,356,352,363,353,354,360,356,354,359,359,358,358,364,364,357,360,362,359,358,367,372,368,375,368,376,394,399,422,420,432,456,466,487,488,523,524,543,540,576,555,564,596,587,589,0.0757,0.0785,0.0771,0.0782,0.0787,0.0819,0.0841,0.0873,0.0877,0.0914,0.0963,0.1016,0.1087,0.1146,0.1242,0.1322,0.1427,0.1594,0.1802,0.1944,0.2206,0.2442,0.2855,0.3158,0.3554,0.4038,0.4513,0.4933,0.5485,0.609,0.6612,0.7124,0.7745,0.8411,0.9021,0.9828,1.1066,1.3299,1.5267,1.7066,1.8683,2.008,2.0899,2.2021,2.2157,2.2982,2.3375,2.3822,2.4134,2.448,2.4794
C,Sample X10,10,C,4214,4017,3995,3922,3959,4003,3936,3986,4095,3934,4046,4082,4071,4159,4277,4390,4702,4798,5090,5339,5715,6212,6674,7386,8098,8972,10034,10883,11837,13207,14496,15637,17443,19646,21319,23293,25180,26967,29187,31345,33395,35821,37725,39378,41113,42788,43957,45441,46900,48124,49389,388,382,386,379,367,379,366,358,358,366,363,349,344,350,356,360,351,349,360,365,363,353,337,349,350,360,358,350,367,363,374,392,380,396,398,431,441,440,458,482,495,514,512,542,534,555,573,589,568,584,588,0.0774,0.0789,0.0776,0.0782,0.0818,0.0874,0.0898,0.0899,0.0947,0.0961,0.1014,0.1075,0.1153,0.1208,0.1309,0.1383,0.1504,0.1647,0.1822,0.2008,0.226,0.253,0.2855,0.3224,0.362,0.4144,0.4606,0.5078,0.561,0.6214,0.672,0.7231,0.7915,0.8521,0.9104,0.9909,1.0986,1.2611,1.446,1.639,1.8061,1.9313,2.0226,2.1434,2.1829,2.2448,2.2917,2.342,2.3871,2.4251,2.4304
C,Sample X11,11,C,4078,3924,4016,3885,3839,3905,4004,3935,3917,3926,3902,3970,4063,4120,4261,4342,4506,4705,4928,5165,5657,6052,6636,7236,7926,8851,9702,10657,11790,12784,14265,15584,17348,19293,21246,23100,25005,26988,29374,31881,34163,36442,38645,40473,41880,43334,44670,46829,48369,49638,50981,372,372,373,363,356,354,367,359,339,344,359,352,340,346,343,345,352,344,335,357,337,340,346,356,355,353,347,346,355,364,368,365,375,390,385,398,419,442,441,460,486,499,486,526,519,546,557,569,571,565,581,0.0787,0.078,0.0803,0.0802,0.0828,0.0847,0.0885,0.0895,0.0906,0.0939,0.0972,0.1057,0.1143,0.1167,0.1253,0.138,0.1454,0.1598,0.1797,0.194,0.2198,0.2383,0.2743,0.3052,0.3448,0.3972,0.4396,0.4822,0.5449,0.6029,0.653,0.7048,0.7636,0.8307,0.8922,1.0379,1.3679,1.606,1.7915,1.9124,2.0238,2.1112,2.1845,2.2632,2.3081,2.3673,2.4006,2.4362,2.4888,2.5157,2.5504
C,Sample X12,12,C,3994,3872,3876,3800,3826,3767,3810,3821,3863,3841,3979,3927,3956,4116,4299,4391,4494,4738,4890,5254,5607,6080,6638,7304,8070,8928,10011,10980,11883,13011,14388,15825,17551,19318,21408,23177,25252,27258,29657,31857,34179,36462,38598,40711,42437,43863,45330,47280,48567,50116,51598,369,383,378,367,364,358,347,348,354,342,359,340,349,344,334,346,342,332,330,353,357,334,325,342,345,347,338,357,347,350,363,365,381,374,406,392,421,429,445,455,467,487,491,517,532,536,546,564,562,560,587,0.0822,0.0826,0.0839,0.0848,0.0868,0.0904,0.0925,0.0952,0.0969,0.0986,0.1021,0.109,0.1137,0.1205,0.1322,0.1404,0.151,0.1644,0.184,0.1974,0.2242,0.2475,0.2808,0.3158,0.3506,0.4073,0.4478,0.4943,0.5476,0.6036,0.6524,0.7064,0.7651,0.832,0.8935,0.969,1.0801,1.2695,1.4695,1.6712,1.8531,2.0126,2.1206,2.2564,2.2824,2.3731,2.3993,2.4647,2.5147,2.5664,2.5735
D,Sample X1,1,D,4118,4022,3867,3896,3881,3892,3824,3825,3951,3947,3887,4063,4024,4212,4232,4372,4563,4672,5070,5312,5674,6158,6632,7357,7997,9014,9978,11065,12348,13142,14909,16562,18530,20575,22812,25397,28193,30320,32645,35713,38086,40869,42964,44468,45895,47332,48804,50026,51201,52509,53229,383,368,378,374,372,379,370,371,374,368,374,367,380,396,399,412,412,441,469,493,521,574,599,660,714,780,836,901,997,1068,1137,1222,1317,1386,1504,1586,1709,1756,1841,1912,1970,2011,2098,2178,2197,2252,2331,2387,2397,2436,2485,0.0789,0.0808,0.0808,0.0787,0.0793,0.0839,0.0859,0.0867,0.0891,0.0933,0.1003,0.1081,0.1132,0.1208,0.1386,0.1507,0.1563,0.171,0.1916,0.2118,0.2388,0.2746,0.3092,0.3482,0.4052,0.5172,0.6001,0.735,0.8152,0.9692,1.0759,1.1892,1.2946,1.4436,1.549,1.7047,1.8694,2.0451,2.1571,2.2549,2.3399,2.3774,2.4148,2.4808,2.4769,2.4453,2.5065,2.4882,2.4945,2.531,2.5545
D,Sample X2,2,D,4114,4082,4012,3998,3985,3897,4005,3900,4064,4028,4030,4073,4196,4192,4246,4500,4590,4818,4971,5323,5653,6231,6716,7220,7948,8950,9854,10962,11934,13066,14406,15976,17723,19525,21501,23964,26092,28332,30427,32854,35543,37774,39700,41377,42752,43908,45106,46402,47325,48418,49532,379,397,387,375,372,372,364,375,358,371,379,375,378,396,396,425,422,440,476,483,522,573,598,643,703,766,855,892,970,1032,1112,1166,1271,1361,1450,1521,1598,1695,1756,1785,1864,1916,1992,2045,2081,2098,2180,2224,2239,2278,2296,0.0803,0.0809,0.0787,0.0802,0.0792,0.0816,0.0835,0.0854,0.0853,0.0907,0.0989,0.1018,0.1108,0.1214,0.1407,0.1534,0.1641,0.1952,0.2156,0.2634,0.3112,0.3718,0.4494,0.5244,0.6288,0.7178,0.7968,0.9144,0.9886,1.0868,1.1783,1.2745,1.3584,1.4601,1.5502,1.653,1.7463,1.8975,1.992,2.0669,2.1492,2.1969,2.2192,2.309,2.296,2.3178,2.3658,2.375,2.3902,2.4142,2.428
D,Sample X3,3,D,4233,4177,4088,3998,4022,3991,3948,4081,3990,4059,4080,4228,4200,4236,4363,4423,4680,4878,5103,5403,5797,6179,6716,7160,8012,8922,9910,10879,11997,12913,14326,15777,17232,19413,21575,23690,26114,27826,30439,32812,35043,37090,39196,41034,42380,43466,44650,45809,46743,47556,48753,390,392,385,387,378,388,378,380,369,393,394,396,373,403,434,415,428,454,470,514,533,567,614,683,720,794,834,907,963,1047,1085,1166,1280,1343,1440,1530,1599,1646,1717,1785,1849,1926,1976,2036,2085,2132,2134,2147,2225,2263,2272,0.0787,0.0797,0.0788,0.0794,0.0811,0.0839,0.086,0.0868,0.0887,0.0923,0.0963,0.1021,0.1103,0.1182,0.1256,0.1368,0.1584,0.1639,0.1743,0.1894,0.2264,0.2562,0.3054,0.3247,0.413,0.502,0.5948,0.7064,0.7688,0.8503,0.9381,1.032,1.1182,1.2297,1.3217,1.4249,1.5326,1.6511,1.7852,1.8658,1.9391,2.0151,2.0537,2.1577,2.1387,2.1896,2.2142,2.2258,2.2459,2.2631,2.2792
D,Sample X4,4,D,4178,4089,4060,3918,3925,3968,4039,4070,3980,4006,4104,4150,4062,4146,4352,4397,4544,4770,4899,5338,5734,5990,6661,7048,8027,8716,9678,10567,11768,12838,13793,15570,17091,19156,20966,23349,25713,27687,29958,32278,34631,36565,38720,40832,41927,43353,44357,45428,46444,47541,48726,378,371,393,378,403,377,386,390,394,390,405,419,412,421,439,445,461,485,497,530,562,604,654,744,763,840,919,990,1078,1152,1228,1315,1388,1519,1582,1682,1779,1865,1960,2042,2041,2138,2194,2256,2314,2336,2395,2421,2464,2531,2534,0.0802,0.0799,0.0785,0.0786,0.0793,0.0795,0.0807,0.0823,0.084,0.0858,0.0892,0.0973,0.1023,0.1065,0.1174,0.1248,0.1359,0.1513,0.167,0.1837,0.2021,0.2282,0.2671,0.3226,0.3829,0.5027,0.626,0.7398,0.8316,0.9327,1.0146,1.1058,1.1906,1.2889,1.3832,1.4818,1.5774,1.7102,1.8313,1.9062,2.0072,2.0722,2.1249,2.1952,2.1827,2.2218,2.2513,2.2781,2.3022,2.3317,2.3508
D,Sample X5,5,D,4225,4073,4159,3986,3984,3906,3940,4048,4053,3984,4048,4019,4148,4164,4314,4444,4569,4677,5033,5280,5582,5958,6473,7162,7804,8412,9314,10370,11286,12268,13445,14893,16474,18290,20225,22328,24577,26647,28890,30882,33398,35986,37809,39563,41302,42819,43663,44885,45991,46928,48012,390,381,390,399,398,409,424,412,429,424,445,464,460,465,479,502,530,576,593,642,679,754,813,916,969,1106,1208,1318,1453,1534,1655,1724,1853,2010,2146,2306,2442,2543,2652,2724,2832,2916,3019,3063,3153,3169,3309,3327,3431,3430,3452,0.0757,0.0767,0.0749,0.0773,0.0779,0.0772,0.0816,0.0833,0.0828,0.0855,0.0878,0.0953,0.0991,0.1039,0.1153,0.1238,0.1307,0.1413,0.1611,0.1836,0.1967,0.2198,0.2469,0.2866,0.3296,0.3915,0.4964,0.6045,0.6998,0.8,0.8789,0.9678,1.049,1.1468,1.2508,1.3452,1.4262,1.5364,1.6447,1.7455,1.8281,1.9024,1.9501,2.0025,2.0059,2.0617,2.0985,2.1066,2.1317,2.1733,2.1887
D,Sample X6,6,D,4320,4116,4054,4029,3954,4022,3973,4088,3994,3945,4083,4033,4108,4285,4334,4404,4545,4782,4870,5220,5436,5865,6508,6968,7647,8395,9220,10215,11420,12520,13628,14868,16545,18311,20162,22249,24679,27271,29310,31828,34175,37166,39228,41410,43030,44303,46012,46973,48209,49483,50510,388,387,387,386,421,428,446,459,472,479,510,518,551,579,600,640,685,736,801,860,963,1086,1242,1390,1606,1807,2022,2279,2520,2740,2944,3149,3354,3652,3937,4252,4494,4736,4967,5178,5388,5490,5776,5902,6006,6178,6206,6411,6532,6639,6668,0.0804,0.0818,0.08,0.0802,0.0804,0.0835,0.0855,0.0856,0.0875,0.0877,0.0917,0.0998,0.1021,0.1073,0.1152,0.125,0.1313,0.1433,0.1584,0.1735,0.1933,0.2151,0.2407,0.2676,0.3061,0.348,0.3871,0.4742,0.5636,0.7019,0.8233,0.9306,1.0247,1.1257,1.2259,1.3163,1.4176,1.5289,1.6282,1.7366,1.8256,1.9086,1.9581,2.0761,2.0487,2.0635,2.1258,2.1311,2.1775,2.1934,2.2116
D,Sample X7,7,D,4146,4130,4022,3918,3938,3881,3964,4012,3952,3904,4047,3979,4038,4158,4185,4334,4382,4603,4796,5042,5316,5695,6021,6525,7260,7893,8722,9764,10781,11790,13089,14504,15778,17476,19468,21545,23948,26259,28977,31698,34568,37368,39499,42616,44868,46838,48969,50155,51335,52982,53971,383,380,400,407,416,426,465,504,532,565,602,646,705,731,809,854,994,1087,1237,1377,1616,1870,2206,2580,3014,3547,4102,4752,5348,5974,6610,7090,7730,8454,9117,10018,10670,11396,12134,12946,13755,14270,14795,15291,15856,16299,16716,17184,17444,17755,18124,0.0794,0.0791,0.0793,0.0799,0.08,0.0798,0.084,0.0838,0.0832,0.0848,0.09,0.0934,0.0977,0.0995,0.1099,0.115,0.1231,0.1351,0.1454,0.1585,0.1746,0.1932,0.2195,0.2392,0.2729,0.3095,0.3444,0.4,0.4527,0.5112,0.6048,0.7293,0.8203,0.9443,1.0762,1.1956,1.2902,1.4183,1.498,1.6034,1.7029,1.813,1.9106,2.0081,2.027,2.0624,2.1369,2.1413,2.1767,2.208,2.2322
D,Sample X8,8,D,4278,4061,3992,3955,4022,4090,3916,3954,3970,3978,4002,4044,4024,4213,4166,4321,4397,4570,4670,4942,5184,5490,5867,6422,6714,7454,8227,9074,9986,11037,11900,13276,14298,15853,17531,19452,21474,23457,25935,28336,31020,33715,36628,39580,43249,46746,50571,54498,56916,58887,61214,380,395,385,397,428,452,485,537,578,640,718,822,890,998,1151,1293,1490,1736,2084,2422,2911,3470,4150,5015,5994,7121,8422,9900,11500,13235,14841,16566,18010,19778,21810,23984,26370,28854,31304,33604,36387,38744,41302,44002,46862,49953,53618,56566,58516,60774,62633,0.0795,0.0787,0.0772,0.0792,0.0786,0.0811,0.0815,0.0801,0.0831,0.0855,0.0871,0.0904,0.0954,0.0977,0.1017,0.11,0.1175,0.1236,0.1361,0.1459,0.1626,0.177,0.1991,0.218,0.2405,0.2799,0.3019,0.3393,0.3929,0.442,0.5345,0.6409,0.7209,0.8228,0.9337,1.0532,1.1351,1.2313,1.3135,1.3906,1.4786,1.5724,1.6619,1.7494,1.7821,1.8595,1.9506,2.0191,2.0985,2.1369,2.1678
D,Sample X9,9,D,4283,4127,4090,3996,3920,4030,3962,4014,3963,3990,4009,3909,4074,4167,4061,4281,4373,4424,4584,4861,4994,5258,5594,5854,6387,6826,7519,8175,8964,10018,10810,11837,13021,14217,15673,17252,19069,20695,22875,25063,27073,29661,32105,34829,37560,40333,43192,46714,49438,53558,56394,383,387,382,397,432,449,499,544,607,700,768,851,970,1070,1257,1458,1743,2061,2488,2965,3559,4284,5288,6321,7526,9054,10734,12732,14920,17338,19950,22767,25118,27702,30439,33777,37360,42150,46411,50878,55553,60546,65876,70855,77245,83426,90109,96268,103548,110810,118412,0.0798,0.0799,0.0792,0.0791,0.0807,0.0821,0.0815,0.085,0.0827,0.0842,0.087,0.0912,0.0945,0.0984,0.1018,0.1084,0.1136,0.12,0.1316,0.1422,0.1518,0.1644,0.1827,0.1965,0.2148,0.24,0.265,0.297,0.3297,0.3673,0.4012,0.4312,0.4679,0.5138,0.5774,0.6704,0.7678,0.8657,0.9607,1.022,1.084,1.2034,1.2686,1.4075,1.4207,1.4924,1.5817,1.6398,1.7199,1.7702,1.8344
D,Sample X10,10,D,4180,4067,4009,3979,3880,3805,3843,3910,3821,3868,3929,3956,3974,4016,4042,4152,4200,4317,4504,4625,4860,5134,5332,5744,6180,6520,7014,7638,8366,9219,9982,11016,12218,13196,14305,15598,17236,18664,20484,22291,24217,26305,28431,30244,32848,34887,37626,40020,42032,44498,46873,392,389,388,407,416,448,507,528,622,675,764,875,962,1131,1292,1507,1832,2180,2605,3183,3818,4603,5575,6752,8096,9565,11503,13632,15980,18837,21699,25010,28195,31260,34523,38051,42256,47194,53149,58874,65003,70929,78245,85921,93769,102127,111480,119964,130188,140781,151782,0.0802,0.0801,0.0791,0.08,0.0816,0.2001,0.3006,0.3933,0.4469,0.514,0.5413,0.5745,0.5682,0.6263,0.6078,0.6301,0.6704,0.6962,0.7165,0.7469,0.7072,0.7312,0.7792,0.804,0.8612,0.7829,0.7795,0.8065,0.7515,0.8067,0.855,0.8897,0.9462,0.9816,1.0403,1.1156,0.9754,1.0445,1.1172,1.1563,1.2422,1.3124,1.3365,1.4177,1.5178,1.6167,1.6727,1.7277,1.8023,1.8965,1.9749
D,Sample X11,11,D,4172,4049,4058,3890,3871,3932,3897,3753,3918,3840,3846,3906,3953,4043,4031,4083,4206,4389,4394,4596,4836,5027,5313,5634,6050,6416,7005,7343,8167,8874,9790,10818,11696,12681,13788,14859,16419,17586,19395,20888,22739,24507,26171,27620,30129,31764,33857,35563,37488,39441,41338,380,371,394,401,427,469,504,551,602,675,761,873,986,1146,1340,1545,1886,2268,2709,3364,4009,4826,5823,7029,8431,10101,11989,14179,16718,19515,22559,25890,29356,32688,36014,39694,44190,49266,55509,61491,68333,75381,82591,91168,99976,108534,118912,128670,139227,150553,161935,0.0874,0.0888,0.085,0.0866,0.0872,0.0913,0.1025,0.156,0.2039,0.2445,0.2889,0.3428,0.3695,0.4069,0.4422,0.4738,0.4958,0.4973,0.5355,0.5559,0.5746,0.5849,0.6161,0.623,0.6634,0.6902,0.6965,0.7279,0.7596,0.8123,0.8505,0.8907,0.9521,0.9915,1.0513,1.1376,1.1796,1.2665,1.3674,1.4195,1.4413,1.5284,1.591,1.6942,1.6851,1.7549,1.8322,1.8446,1.949,1.9842,2.0612
D,Sample X12,12,D,4062,4091,3992,3847,3868,3964,3955,3848,3947,3946,3877,3977,4109,4068,4114,4182,4267,4442,4461,4632,4821,5039,5358,5617,5924,6454,7015,7477,8334,8867,9758,10735,11854,12736,13870,15057,16326,17744,19134,20688,22286,23987,25644,27516,29096,30983,32631,34246,36046,38025,39348,375,377,378,410,428,454,491,558,638,711,767,884,1018,1151,1374,1627,1997,2372,2860,3461,4230,5091,6182,7348,8852,10683,12612,14858,17604,20616,23775,27340,31045,34403,37904,41987,46294,51760,58412,65000,72402,79432,86928,95286,104476,113646,124174,134096,145089,155951,167521,0.0824,0.083,0.0813,0.0816,0.0834,0.0852,0.0862,0.0921,0.0879,0.0871,0.0922,0.095,0.0997,0.1006,0.1039,0.1123,0.1153,0.1194,0.1304,0.1322,0.1476,0.154,0.1703,0.1873,0.1959,0.225,0.2463,0.2568,0.2879,0.3216,0.3631,0.3752,0.3992,0.4237,0.4467,0.4876,0.5209,0.5553,0.6233,0.6333,0.6803,0.7335,0.7782,0.915,0.9191,1.007,1.0737,1.1361,1.2117,1.2614,1.3389
E,Sample X1,1,E,4339,4235,4197,4117,4165,4150,4223,4147,4162,4197,4194,4346,4447,4432,4576,4574,4755,4854,5054,5172,5427,5765,5944,6388,6603,7168,7575,8206,8871,9691,10584,11639,12696,13899,15385,16770,18432,19832,21221,22350,23524,24312,24994,26011,26731,27339,28118,28645,29362,30425,30989,420,439,455,464,463,458,465,466,462,459,475,468,476,474,480,474,502,500,506,519,514,524,548,565,573,588,623,628,664,686,717,730,759,802,819,856,896,929,990,1006,1037,1067,1107,1105,1144,1159,1214,1222,1232,1278,1287,0.0966,0.0984,0.0974,0.0976,0.0975,0.1022,0.1046,0.1085,0.1132,0.1219,0.13,0.1333,0.1537,0.1594,0.223,0.2479,0.2788,0.3467,0.3694,0.4166,0.5029,0.5599,0.6299,0.6846,0.7368,0.8082,0.8584,0.9284,1.0015,1.0769,1.1728,1.2682,1.3609,1.4883,1.5677,1.6818,1.7447,1.8552,1.9285,1.9603,2.0063,2.0669,2.0655,2.1285,2.1419,2.1634,2.183,2.2093,2.237,2.2444,2.2752
E,Sample X2,2,E,4403,4156,4144,4168,4133,4034,4094,4164,4099,4170,4205,4383,4349,4399,4448,4586,4690,4826,4953,5113,5258,5478,5882,6017,6358,6686,7180,7562,8356,8956,9891,10602,11440,12798,13802,15242,16405,18087,19532,20817,21766,22995,23710,24435,25233,25874,26642,27578,28307,29064,29752,433,440,440,471,486,501,514,514,517,553,553,595,623,661,694,725,761,815,870,938,1016,1112,1189,1296,1395,1561,1707,1891,2075,2300,2547,2742,2946,3205,3403,3702,4058,4342,4695,4995,5164,5415,5581,5779,5906,6042,6132,6308,6457,6556,6611,0.0975,0.0964,0.0969,0.0998,0.0986,0.1024,0.1065,0.1095,0.1139,0.1236,0.1369,0.1396,0.1691,0.1803,0.2402,0.2729,0.3068,0.3712,0.3993,0.449,0.5094,0.5633,0.6231,0.6744,0.7301,0.7845,0.8363,0.9048,0.9726,1.0412,1.1294,1.2265,1.3123,1.4144,1.5074,1.6088,1.6943,1.8122,1.8817,1.9287,1.9962,2.0351,2.065,2.1372,2.1493,2.1794,2.1999,2.2187,2.245,2.2655,2.3093
E,Sample X3,3,E,4446,4282,4210,4202,4185,4028,4039,4150,4198,4053,4180,4268,4246,4274,4328,4384,4601,4482,4759,4929,5023,5160,5402,5562,5770,6109,6450,6742,7162,7614,8213,8872,9486,10384,11277,12333,13227,14378,15822,17022,18424,20043,21444,23113,24423,25530,26478,27696,28650,29632,30624,426,441,459,496,544,575,634,694,743,822,911,1006,1130,1275,1416,1569,1753,1992,2190,2428,2720,3046,3414,3856,4307,4838,5410,6146,6932,7836,8832,9843,10961,12208,13366,14734,16006,17492,19015,20726,22642,24626,26618,28804,30746,32576,34177,35673,37317,38736,39931,0.0939,0.0921,0.0902,0.0922,0.0913,0.0952,0.0963,0.0969,0.1009,0.1018,0.1068,0.1102,0.1168,0.1202,0.1573,0.1618,0.1819,0.2251,0.2204,0.2516,0.3284,0.3871,0.48,0.5217,0.5503,0.6312,0.7042,0.7673,0.8491,0.9085,0.989,1.0539,1.1589,1.2278,1.3234,1.4151,1.5341,1.6228,1.7369,1.8497,1.9406,2.0005,2.0603,2.1201,2.149,2.2039,2.2349,2.2234,2.2723,2.2809,2.3189
E,Sample X4,4,E,4325,4280,4293,4068,4230,4039,4177,4019,4180,4161,4189,4196,4252,4284,4249,4413,4358,4552,4671,4677,4959,5034,5206,5458,5634,5894,6179,6595,6934,7394,7909,8455,9216,10016,10606,11455,12592,13688,14759,16141,17575,18768,20226,21428,22788,24306,25342,26426,27530,28677,29761,423,443,471,509,556,594,644,728,790,900,997,1104,1221,1398,1561,1740,1942,2146,2414,2677,2991,3363,3815,4252,4792,5492,6109,6833,7746,8749,9870,11083,12251,13618,15134,16586,18018,19622,21594,23694,25756,28315,30789,33461,35901,38286,40517,42953,45160,47603,49953,0.0923,0.0938,0.0928,0.0939,0.0941,0.0955,0.0997,0.098,0.0992,0.1017,0.1049,0.107,0.1095,0.1119,0.1206,0.1262,0.1313,0.1458,0.1513,0.1661,0.2002,0.2275,0.3058,0.3246,0.3701,0.463,0.5306,0.6217,0.7344,0.8184,0.8826,0.9514,1.0552,1.1527,1.2497,1.3592,1.4509,1.5556,1.6911,1.781,1.8417,1.9191,2.0347,2.041,2.0776,2.1523,2.1669,2.1908,2.2259,2.2601,2.2937
E,Sample X5,5,E,4386,4328,4191,4219,4165,4147,4051,4107,4234,4186,4220,4216,4167,4365,4291,4360,4427,4580,4645,4851,4882,4981,5135,5350,5636,5866,6074,6366,6858,7176,7756,8292,8950,9824,10426,11330,12244,13344,14391,15902,16866,18215,19572,20942,22363,23572,24569,25906,26952,28208,29099,429,449,462,504,556,596,688,726,822,930,1010,1124,1251,1423,1585,1781,1959,2186,2392,2735,3032,3396,3817,4284,4779,5424,6080,6861,7768,8791,9918,11048,12354,13725,15146,16576,18146,19832,21617,23656,25992,28504,31230,33968,36807,39215,41872,44249,46912,49395,51998,0.0914,0.094,0.0909,0.0905,0.0929,0.0969,0.097,0.0982,0.0979,0.0984,0.1025,0.1036,0.107,0.1099,0.1146,0.1194,0.1249,0.1318,0.1403,0.1466,0.1587,0.1723,0.206,0.2149,0.2352,0.2683,0.302,0.3549,0.4444,0.5506,0.6298,0.6844,0.7837,0.9494,1.0692,1.2571,1.3755,1.4941,1.625,1.6943,1.7732,1.851,1.915,2.0014,2.0248,2.0666,2.1354,2.1284,2.1959,2.2395,2.2647
E,Sample X6,6,E,4370,4231,4226,4186,4130,4106,4139,4119,4150,4106,4120,4221,4203,4274,4316,4377,4394,4636,4588,4755,4860,4943,5141,5397,5610,5894,6019,6486,6839,7284,7847,8272,8954,9575,10591,11287,12289,13366,14580,15694,16791,18226,19684,20823,22369,23474,24626,25876,27070,28269,29418,424,451,466,516,541,601,670,730,836,908,1020,1139,1280,1405,1587,1764,1966,2202,2459,2760,3071,3415,3874,4330,4841,5462,6186,7046,7882,9004,10005,11296,12581,13939,15430,16903,18521,20268,22158,24521,26685,29283,32148,34971,37800,40543,43360,45994,48501,50958,53458,0.0939,0.0939,0.0939,0.0944,0.0951,0.0991,0.1008,0.1013,0.1027,0.1027,0.1075,0.11,0.1125,0.1157,0.1199,0.1236,0.1299,0.1352,0.1468,0.1513,0.1623,0.1731,0.1919,0.2043,0.2225,0.2453,0.2669,0.2978,0.3443,0.4188,0.4939,0.5512,0.6294,0.7806,0.9009,1.1335,1.2475,1.3523,1.4874,1.5595,1.6463,1.7073,1.8107,1.9139,1.9358,1.9897,2.0488,2.0414,2.0791,2.1317,2.2041
E,Sample X7,7,E,4385,4266,4132,4137,4135,4121,4123,4191,4123,4235,4286,4306,4335,4496,4394,4632,4730,4892,5062,5143,5500,5606,5904,6288,6750,7034,7599,8214,8979,9752,10739,11676,12692,13935,15274,17015,18304,19739,20898,21684,22861,23395,24239,25040,25622,26326,27160,27909,28709,29247,30286,424,432,456,448,458,456,455,466,475,465,476,481,466,467,476,490,499,501,490,502,526,543,540,546,570,588,603,621,658,676,707,734,757,770,837,868,886,932,965,1018,1047,1052,1083,1101,1135,1179,1152,1187,1209,1234,1270,0.0933,0.0935,0.0948,0.0955,0.0949,0.0988,0.1009,0.1001,0.1029,0.1028,0.1047,0.1103,0.1116,0.1157,0.1229,0.1315,0.1375,0.1458,0.1601,0.1687,0.1858,0.2019,0.2266,0.2475,0.2738,0.3097,0.3501,0.4049,0.4922,0.6128,0.7133,0.8043,0.9309,1.1289,1.279,1.4522,1.5511,1.6369,1.6876,1.7328,1.7972,1.8124,1.8664,1.9183,1.9083,1.945,1.9778,1.9849,1.9891,2.0398,2.0748
E,Sample X8,8,E,4280,4175,4099,4063,4110,4075,4078,4129,4095,4192,4266,4314,4327,4447,4443,4594,4663,4869,5012,5083,5276,5590,5846,6083,6454,6952,7298,7770,8375,9072,9859,10555,11749,12737,13875,15332,16772,18160,19782,21146,22021,23113,24086,24701,25819,26378,27197,27954,28706,29548,30042,433,443,451,472,485,496,508,509,546,549,576,617,648,662,707,743,795,859,913,977,1074,1152,1215,1350,1473,1580,1745,1987,2149,2366,2581,2806,3020,3254,3471,3797,4091,4475,4794,5058,5346,5547,5789,5928,6152,6260,6455,6537,6662,6859,6890,0.0941,0.0933,0.0923,0.0904,0.0922,0.0955,0.0975,0.0966,0.0972,0.1,0.1017,0.1044,0.1078,0.1088,0.1159,0.1217,0.1266,0.1349,0.143,0.1521,0.1658,0.1777,0.1958,0.2119,0.2391,0.2622,0.2905,0.324,0.3649,0.4103,0.4602,0.5252,0.5879,0.6559,0.7345,0.8474,0.9351,1.0107,1.1275,1.1789,1.2579,1.343,1.4934,1.6892,1.6797,1.722,1.8033,1.8019,1.8455,1.911,1.9298
E,Sample X9,9,E,4339,4227,4228,4175,4145,4180,4053,4160,4156,4076,4216,4214,4244,4320,4315,4347,4532,4666,4639,4852,4887,5171,5291,5466,5797,5966,6311,6674,7174,7638,8201,8708,9313,10300,11106,12025,13128,14361,15437,16905,18438,20165,21526,23243,24614,25695,26960,28012,29441,30248,31663,440,451,478,472,522,568,616,690,737,803,890,986,1097,1213,1398,1545,1719,1940,2130,2424,2655,2999,3343,3740,4207,4719,5340,5945,6781,7536,8532,9503,10777,11914,13162,14445,15816,17188,18702,20469,22169,24277,26454,28606,30861,32911,34839,36780,38564,40416,42031,0.0929,0.0919,0.0924,0.0914,0.0915,0.0934,0.0949,0.097,0.0963,0.099,0.0995,0.1012,0.1023,0.1072,0.1071,0.1124,0.1166,0.1207,0.128,0.13,0.1402,0.1527,0.1615,0.1727,0.1874,0.2057,0.2235,0.2434,0.2708,0.2968,0.324,0.3656,0.4088,0.4589,0.519,0.5813,0.6444,0.7059,0.7757,0.8395,0.8922,0.9421,0.9815,1.0254,1.0456,1.0702,1.1068,1.1233,1.1521,1.1857,1.36
E,Sample X10,10,E,4304,4105,4175,4063,3925,3955,4006,3944,3980,4089,4030,4000,3977,4224,4245,4249,4317,4438,4619,4689,4883,5010,5192,5424,5598,5780,6006,6508,6797,7170,7754,8409,9089,9526,10668,11466,12568,13638,14996,16398,17472,19218,20774,22044,23786,24991,26109,27866,28920,30248,31390,435,442,454,489,518,561,643,710,771,853,942,1055,1190,1300,1465,1643,1836,2058,2317,2589,2905,3193,3584,4024,4615,5138,5755,6622,7369,8374,9476,10490,11942,13379,14745,16256,17810,19478,21436,23439,25518,28092,30913,33771,36697,39702,42527,45526,47982,50917,53680,0.0956,0.095,0.0955,0.2953,0.4663,0.5917,0.6239,0.6394,0.6073,0.6631,0.7082,0.6905,0.6765,0.7186,0.7007,0.7441,0.7289,0.352,0.3981,0.4284,0.451,0.4702,0.5256,0.5713,0.6373,0.7078,0.7016,0.7359,0.7932,0.8789,0.9656,0.9778,1.0516,1.1055,1.17,1.2682,1.3754,1.4596,1.5617,1.6272,1.7295,1.8097,1.8808,2.016,1.4465,1.5712,1.6598,1.756,1.8493,2.1361,2.3863
E,Sample X11,11,E,4315,4214,4180,4064,3977,4013,4006,3995,3968,3995,4012,4134,4098,4190,4248,4303,4460,4496,4563,4585,4809,4996,5079,5267,5518,5698,5952,6393,6829,7145,7750,8336,8894,9582,10400,11489,12425,13455,14862,16142,17322,18914,20258,21580,23140,24534,25792,27198,28541,29789,30942,450,450,470,494,538,583,654,706,790,882,980,1088,1205,1339,1484,1688,1893,2085,2357,2612,2896,3270,3654,4110,4613,5213,5843,6609,7514,8481,9489,10723,12036,13418,14979,16430,18116,19853,21878,23739,26210,28851,31515,34654,37731,40868,43759,46812,49702,52804,55459,0.095,0.0955,0.0943,0.095,0.3196,0.4606,0.539,0.5722,0.5903,0.6586,0.5719,0.5321,0.5645,0.6071,0.6069,0.6526,0.5518,0.5373,0.5692,0.6044,0.619,0.6621,0.6783,0.7251,0.6078,0.6576,0.6475,0.6801,0.7536,0.8036,0.8506,0.9053,0.9812,1.0681,1.1846,1.3174,1.4417,1.323,1.4857,1.6439,1.721,1.7882,2.0501,2.2996,2.308,2.4158,2.3902,2.7359,2.769,2.8649,2.8564
E,Sample X12,12,E,4235,4088,4182,4136,4110,4075,3975,4032,4022,4158,4090,4132,4198,4184,4210,4285,4284,4409,4467,4614,4810,4893,5058,5182,5508,5628,5911,6366,6643,7168,7717,8243,8747,9564,10520,11505,12409,13866,14901,16087,17791,18931,20402,21642,23402,24646,25839,26975,28591,29805,30765,432,440,464,490,544,601,646,738,798,887,994,1111,1217,1345,1471,1690,1845,2106,2300,2595,2884,3260,3700,4133,4689,5274,5866,6713,7696,8697,9850,11096,12479,14023,15551,17180,18934,20724,22797,25003,27474,30373,33291,36490,39884,42851,45886,48896,51755,55151,57994,0.098,0.0971,0.0975,0.0995,0.0991,0.1009,0.1034,0.102,0.103,0.1048,0.1086,0.1091,0.112,0.1153,0.1192,0.1211,0.1243,0.1316,0.1393,0.1475,0.1532,0.164,0.1744,0.1869,0.2032,0.2222,0.2458,0.2647,0.2989,0.3289,0.3632,0.3995,0.4456,0.5152,0.6039,0.7918,0.8371,0.9781,1.1313,1.1601,1.2249,1.2707,1.5302,1.6127,1.5844,1.5844,1.7557,1.8141,1.7425,1.8693,1.9763
F,Sample X1,1,F,4096,4062,3916,3904,3834,3903,3928,3938,3961,3990,4052,4112,4163,4206,4312,4507,4641,4902,5101,5416,5747,6178,6706,7390,8096,9096,10000,11280,12497,13869,15262,16846,18725,21042,23336,26214,28913,30914,33943,37103,39836,42773,45441,47822,49757,51347,52656,53769,55648,56776,57405,392,402,391,394,389,387,392,385,382,395,379,372,381,380,380,395,394,397,412,409,411,423,420,434,445,461,463,496,523,546,577,633,689,760,794,879,980,1020,1082,1144,1232,1312,1401,1554,1663,1806,1990,2231,2463,2706,2915,0.0983,0.0979,0.0976,0.0991,0.1017,0.1046,0.1089,0.1107,0.1141,0.1189,0.1243,0.1307,0.1413,0.1505,0.1765,0.1882,0.2187,0.2494,0.2835,0.3099,0.3756,0.4307,0.5244,0.6165,0.6842,0.7883,0.8662,0.9555,1.055,1.1559,1.2345,1.336,1.4286,1.5252,1.6289,1.7305,1.8315,1.9248,1.9945,2.0629,2.1596,2.1954,2.2456,2.3018,2.3051,2.324,2.3493,2.3668,2.3853,2.3868,2.3946
F,Sample X2,2,F,4057,4093,3986,3898,3940,3889,3930,3980,3943,4046,4090,4054,4133,4253,4278,4375,4616,4784,5088,5270,5694,6115,6694,7290,7917,8733,9842,10924,11958,13217,14484,15918,17746,19790,22128,24264,26714,29087,31706,34354,36958,39711,42077,44644,46449,48007,48988,51160,51885,52929,54051,389,402,408,392,394,388,390,390,380,373,384,383,379,395,379,395,409,407,398,428,407,414,448,442,436,454,481,471,516,515,569,618,705,738,806,886,934,1011,1060,1132,1173,1248,1352,1440,1595,1726,1918,2117,2330,2544,2812,0.1011,0.098,0.099,0.0987,0.102,0.1044,0.1055,0.1076,0.11,0.1342,0.1248,0.1294,0.1476,0.1623,0.188,0.2167,0.2228,0.2655,0.303,0.3276,0.3998,0.4502,0.5324,0.612,0.6838,0.79,0.8573,0.9429,1.0303,1.1264,1.2123,1.3016,1.3855,1.4877,1.6127,1.694,1.8172,1.9111,2.0288,2.1183,2.2367,2.2787,2.2941,2.2961,2.3374,2.372,2.3829,2.4267,2.4372,2.4686,2.4639
F,Sample X3,3,F,4221,4051,3956,3894,4008,3928,3988,3981,4036,3986,4112,4086,4139,4365,4318,4521,4574,4871,5009,5356,5721,6204,6568,7350,8083,8833,9832,10799,11976,13172,14520,15732,17361,19489,21816,24214,26518,28421,31092,33840,35995,38811,41418,43318,45318,46508,47972,49474,50752,52156,52919,406,417,404,412,402,394,390,381,383,394,378,386,388,394,392,404,394,397,401,412,426,419,436,442,442,449,468,486,504,552,582,640,684,746,804,843,928,982,1058,1100,1154,1231,1328,1414,1534,1658,1858,2016,2247,2460,2666,0.0991,0.0972,0.0978,0.0964,0.0962,0.1006,0.1032,0.1063,0.1099,0.1121,0.1208,0.1239,0.1331,0.1409,0.155,0.1766,0.1885,0.1974,0.2127,0.2449,0.3073,0.3543,0.4172,0.5314,0.6069,0.7061,0.7843,0.8727,0.9409,1.0131,1.0958,1.1694,1.2684,1.366,1.4518,1.5473,1.6529,1.7368,1.8364,1.9336,2.0204,2.0771,2.1051,2.1718,2.1703,2.2231,2.2253,2.2728,2.2987,2.332,2.3222
F,Sample X4,4,F,4134,4108,4080,3958,3973,3968,4032,3972,4110,4037,4053,4148,4192,4297,4358,4576,4654,4866,5006,5369,5669,5978,6583,7216,7858,8616,9441,10590,11510,12672,13885,15192,16878,18853,20836,23089,25393,27597,30195,32370,34953,37642,40335,42306,44421,46303,47545,48612,49918,51413,52464,401,413,394,380,399,388,392,390,394,384,381,393,404,384,398,391,386,388,412,402,408,414,427,447,439,464,466,465,473,516,560,587,643,686,738,798,841,908,947,1016,1068,1115,1197,1260,1334,1471,1598,1762,1921,2151,2354,0.0977,0.0951,0.0966,0.0987,0.098,0.1016,0.1033,0.1064,0.1087,0.1106,0.1168,0.1205,0.129,0.1321,0.1438,0.155,0.1648,0.1899,0.2125,0.247,0.3028,0.348,0.4268,0.5108,0.5913,0.6942,0.7869,0.8812,0.9639,1.0554,1.132,1.2161,1.3172,1.4084,1.518,1.6102,1.719,1.7924,1.8794,1.976,2.0391,2.1215,2.1626,2.2126,2.2297,2.2653,2.2818,2.3296,2.3559,2.3802,2.3773
F,Sample X5,5,F,4103,4058,4022,4028,3997,3966,4014,4076,3978,3996,4098,4123,4172,4278,4397,4506,4528,4846,5030,5192,5552,5923,6500,6982,7636,8413,9354,10296,11286,12352,13700,14763,16402,17994,20044,22166,24427,26797,28720,31103,33538,36074,38619,40895,43081,44860,45704,47256,48639,49616,51127,407,403,412,400,388,381,390,394,385,390,384,383,386,378,387,392,381,391,393,401,393,402,396,404,411,432,421,437,461,445,469,518,540,560,613,628,671,722,729,773,815,837,886,951,1009,1041,1145,1250,1374,1524,1694,0.0953,0.0933,0.0924,0.0949,0.0947,0.097,0.1013,0.1024,0.1025,0.109,0.1117,0.1157,0.1234,0.1275,0.1409,0.1483,0.1521,0.1685,0.1793,0.1877,0.2076,0.2333,0.2904,0.3544,0.4474,0.5368,0.6202,0.7313,0.806,0.9011,0.9673,1.0503,1.1307,1.2352,1.346,1.4305,1.5166,1.6043,1.7026,1.778,1.8793,1.935,2.009,2.0381,2.0747,2.1116,2.1367,2.1616,2.1987,2.2286,2.2348
F,Sample X6,6,F,4154,4173,4015,4001,4004,3956,3916,3945,4044,4052,4112,4007,4293,4326,4352,4476,4586,4712,4735,5110,5362,5702,6133,6670,7152,7864,8724,9566,10456,11586,12442,13711,14896,16297,18080,19908,21762,23640,25857,27750,30040,32042,34350,36796,38846,41022,42963,44015,45329,46279,47414,406,394,402,405,395,392,386,392,385,396,376,387,384,391,386,388,382,382,378,375,397,386,396,393,405,392,410,406,414,416,431,438,453,455,475,502,512,534,547,571,596,609,619,654,658,676,708,750,785,829,888,0.0947,0.0973,0.0962,0.0978,0.1011,0.1006,0.103,0.1053,0.1051,0.1097,0.1149,0.1208,0.1238,0.1251,0.1368,0.1455,0.1504,0.168,0.1906,0.196,0.2349,0.2607,0.3087,0.3686,0.4371,0.5236,0.614,0.7105,0.7642,0.8586,0.9257,1.0137,1.0935,1.1757,1.2604,1.3561,1.4532,1.5408,1.6127,1.7047,1.79,1.8681,1.9367,2.0132,2.0427,2.1004,2.1195,2.1568,2.1932,2.2006,2.2166
F,Sample X7,7,F,4178,4025,4031,3977,3963,4040,4057,4053,3990,4067,4020,4081,4102,4205,4182,4274,4375,4656,4666,4790,5082,5480,5624,5888,6314,6818,7330,7992,8647,9397,10463,11233,12235,13146,14040,15330,16852,18508,19511,21345,22784,24347,26132,27919,29475,32078,33300,35304,37585,39766,41430,400,414,403,402,398,391,393,392,383,389,385,388,389,379,382,395,384,389,383,392,382,390,383,388,372,389,404,396,379,401,406,410,413,408,426,423,445,454,461,478,496,491,511,512,539,553,562,563,587,600,597,0.0964,0.0963,0.0956,0.0956,0.0987,0.1001,0.1009,0.1024,0.1045,0.1068,0.1133,0.1156,0.1171,0.1234,0.1286,0.1356,0.1401,0.1521,0.162,0.1762,0.1896,0.198,0.2195,0.236,0.2541,0.3013,0.3427,0.4067,0.4837,0.5849,0.6848,0.7569,0.8815,0.9608,1.0205,1.1854,1.2937,1.3733,1.4558,1.5413,1.6343,1.7025,1.7725,1.9063,1.9525,2.0131,2.0795,2.1636,2.2114,2.257,2.2972
F,Sample X8,8,F,4057,4033,3999,3920,3985,3910,3917,4024,3976,4009,4047,4002,4051,4076,4213,4274,4261,4376,4447,4621,4656,4838,4990,5191,5337,5564,5830,6140,6455,6701,7038,7513,7928,8337,8824,9320,9908,10321,10994,11862,12448,13150,13888,14534,15432,16056,17114,18018,18919,20089,21114,393,397,389,389,401,390,371,376,382,388,394,378,388,377,381,374,373,382,383,374,389,392,372,391,394,383,379,376,386,384,397,392,384,389,385,396,394,406,393,404,407,415,425,416,419,425,433,431,440,441,454,0.0974,0.0974,0.0965,0.0968,0.0978,0.1002,0.0997,0.1038,0.1038,0.1065,0.1095,0.1114,0.116,0.1142,0.1188,0.1243,0.1287,0.1341,0.1456,0.1457,0.1512,0.1607,0.1747,0.1872,0.2056,0.2343,0.2626,0.2972,0.3274,0.3794,0.4226,0.4567,0.5001,0.5412,0.5784,0.6202,0.6744,0.7158,0.7607,0.8125,0.864,0.9108,0.9514,1.0126,1.0415,1.0918,1.1566,1.2078,1.2603,1.315,1.3732
F,Sample X9,9,F,4070,3958,3984,3912,3914,3948,3963,3926,3971,3915,3998,4052,4012,4100,4083,4213,4219,4356,4398,4402,4438,4530,4616,4671,4784,4983,5116,5194,5318,5486,5746,5833,6042,6215,6429,6480,6836,6946,7145,7375,7645,7804,8013,8197,8456,8644,8950,9142,9413,9674,9938,397,398,402,401,392,394,395,384,390,385,381,380,372,398,388,372,394,381,379,382,394,372,382,385,388,385,397,399,387,385,391,393,397,408,393,403,402,391,406,399,384,396,409,402,400,415,399,392,406,398,414,0.0987,0.0981,0.0966,0.0954,0.0983,0.0995,0.1017,0.1007,0.103,0.1038,0.1055,0.1067,0.1118,0.1112,0.1142,0.1172,0.1198,0.1215,0.1318,0.1322,0.1368,0.1407,0.1434,0.1461,0.1475,0.1603,0.1654,0.1699,0.1863,0.2067,0.2284,0.2411,0.2644,0.2842,0.2984,0.3182,0.345,0.3674,0.3893,0.4173,0.4416,0.466,0.4862,0.5339,0.527,0.5579,0.5792,0.6021,0.6303,0.6521,0.6793
F,Sample X10,10,F,4222,3966,4000,3956,3909,3932,3949,3919,4024,3975,3920,4062,4074,4035,4133,4120,4133,4265,4272,4325,4298,4486,4433,4503,4592,4624,4829,4906,4931,4970,5086,5175,5215,5416,5549,5608,5705,5844,5762,6002,6186,6319,6293,6593,6576,6634,6678,6970,7062,7025,7274,381,403,386,402,387,394,395,392,386,368,363,383,391,392,366,381,390,378,377,384,384,378,377,388,382,384,397,388,381,391,388,390,397,399,386,402,385,380,393,380,397,396,413,395,395,397,398,404,394,402,407,0.0992,0.0986,0.0986,0.0974,0.0989,0.0999,0.1011,0.1029,0.103,0.1049,0.1038,0.1086,0.1102,0.1082,0.111,0.1163,0.1181,0.1181,0.1279,0.1234,0.1291,0.1322,0.1379,0.1406,0.141,0.1449,0.1526,0.1515,0.1578,0.1679,0.1711,0.1721,0.1843,0.1971,0.2063,0.2215,0.2446,0.2548,0.2736,0.2871,0.3059,0.3225,0.3248,0.3839,0.3392,0.3673,0.3684,0.3879,0.405,0.3985,0.413
F,Sample X11,11,F,4195,4128,4037,4015,3960,3922,3950,3953,3904,4028,4024,3982,3996,4101,4106,4096,4186,4128,4185,4218,4280,4321,4425,4350,4428,4686,4594,4675,4776,4774,4887,5018,4906,5020,5149,5108,5333,5266,5438,5492,5620,5634,5716,5778,5858,5972,6012,6132,6206,6257,6315,411,396,401,406,394,398,386,397,401,385,394,394,391,386,380,389,389,392,372,386,386,382,385,382,385,387,389,392,381,385,391,377,391,390,394,390,384,393,378,401,402,389,398,388,401,413,398,404,404,407,420,0.0976,0.0971,0.0956,0.0961,0.0982,0.1,0.101,0.1022,0.101,0.102,0.1057,0.1041,0.1084,0.1097,0.1127,0.1138,0.1167,0.1176,0.1245,0.1238,0.128,0.1271,0.1327,0.1358,0.1343,0.1409,0.1429,0.1459,0.1509,0.1569,0.1641,0.1685,0.183,0.1908,0.2031,0.2144,0.232,0.2401,0.2554,0.2676,0.2817,0.3031,0.3082,0.3392,0.3212,0.3407,0.3539,0.3696,0.3819,0.3803,0.3973
F,Sample X12,12,F,4096,3982,3929,3894,3922,3811,3883,3933,3962,3952,3906,3868,4007,4018,4026,4097,4079,4141,4207,4143,4248,4280,4266,4372,4385,4492,4473,4545,4512,4627,4668,4672,4785,4858,4888,4975,5097,5074,5161,5263,5260,5384,5399,5411,5455,5500,5761,5814,5745,5710,5766,394,401,384,395,396,399,384,385,393,382,382,383,380,383,382,387,396,387,393,380,382,377,378,387,379,388,384,377,395,383,385,396,394,388,394,386,395,391,403,408,412,403,394,405,398,418,414,402,406,404,422,0.105,0.1061,0.1055,0.1026,0.1063,0.1072,0.1102,0.1076,0.1103,0.1095,0.1122,0.1143,0.1136,0.1151,0.119,0.1213,0.1213,0.1235,0.133,0.1302,0.1348,0.1355,0.1379,0.1398,0.1429,0.1518,0.1527,0.1574,0.1606,0.1704,0.1755,0.1818,0.1915,0.2068,0.2047,0.2076,0.2371,0.2336,0.2318,0.242,0.2485,0.2675,0.2591,0.3321,0.2598,0.2712,0.2742,0.2878,0.2973,0.3023,0.3123
G,Sample X1,1,G,4155,4045,3978,3992,3954,3904,3969,4092,4095,4181,4115,4166,4191,4313,4396,4538,4778,4949,5194,5377,5822,6320,6816,7367,8124,8998,10100,11200,12297,13929,15191,16894,18895,20848,23305,25900,28627,30926,33824,36778,39702,42569,45334,47443,49690,51148,52804,54506,55755,56926,58050,410,396,396,404,387,383,390,400,410,385,395,396,391,388,390,400,396,411,399,418,412,420,426,437,449,469,456,498,502,538,569,626,694,737,793,862,935,1024,1073,1154,1200,1276,1375,1508,1657,1829,2048,2270,2516,2712,2996,0.1077,0.1076,0.1064,0.1093,0.1103,0.1149,0.1176,0.1169,0.1181,0.125,0.1306,0.1356,0.1422,0.1492,0.1594,0.1665,0.1789,0.1971,0.2157,0.2418,0.272,0.322,0.3752,0.4203,0.5166,0.6146,0.7197,0.8491,0.9754,1.1478,1.2823,1.3936,1.5058,1.5923,1.7294,1.8384,1.9531,2.0598,2.1261,2.1646,2.2505,2.2959,2.3184,2.3155,2.3444,2.363,2.3918,2.4193,2.4346,2.4444,2.4632
G,Sample X2,2,G,4166,4095,4014,3960,3921,3895,3912,3993,4040,4073,4128,4119,4176,4251,4344,4436,4686,4884,5053,5276,5594,6126,6684,7232,8021,8846,9900,10824,12247,13554,14686,16234,18069,19964,22147,24566,27197,29567,32182,34685,37724,40169,43092,45625,47686,49149,50515,51894,53359,54362,55431,396,398,406,398,400,394,398,384,389,388,380,383,391,382,391,405,394,401,411,400,424,433,438,428,439,453,478,494,502,518,564,617,674,731,815,883,943,1007,1082,1142,1212,1285,1364,1440,1608,1773,1916,2120,2378,2549,2851,0.0999,0.1001,0.0991,0.1012,0.1029,0.1046,0.1073,0.1109,0.1186,0.125,0.145,0.1394,0.1569,0.1501,0.21,0.2332,0.2174,0.2377,0.2548,0.2936,0.3328,0.3924,0.4815,0.5495,0.6505,0.7564,0.8729,1.0073,1.0958,1.1632,1.2519,1.3494,1.4393,1.5255,1.6234,1.7052,1.8346,1.9141,1.99,2.07,2.1369,2.1941,2.2404,2.2517,2.308,2.319,2.3608,2.3902,2.4108,2.4296,2.4441
G,Sample X3,3,G,4189,4006,3984,3901,3919,3895,4016,4051,3950,4008,4104,4124,4089,4220,4295,4423,4631,4865,5093,5362,5621,6217,6582,7151,8006,8657,9594,10801,11900,12993,14219,15661,17490,19307,21199,23677,26177,28720,30869,33807,36419,39146,41688,44195,46340,48123,49238,50922,52187,53307,54719,396,404,401,380,400,380,388,376,394,380,380,378,376,381,388,405,391,401,392,414,409,418,434,432,445,458,469,476,504,506,564,613,672,722,783,852,945,984,1042,1089,1158,1232,1324,1403,1520,1651,1846,1999,2248,2446,2666,0.0978,0.1,0.0962,0.0974,0.0987,0.1018,0.1036,0.1065,0.1095,0.1123,0.1214,0.1264,0.1414,0.1534,0.192,0.2087,0.2426,0.2854,0.322,0.3749,0.4279,0.4949,0.566,0.6228,0.6858,0.7778,0.8444,0.9279,1.0047,1.0732,1.1538,1.2534,1.3337,1.4191,1.5162,1.6074,1.7032,1.8032,1.9015,1.9718,2.0492,2.0972,2.1486,2.1792,2.2257,2.2404,2.2882,2.3091,2.3292,2.3572,2.3712
G,Sample X4,4,G,4206,4038,4011,3886,3891,3983,3988,3984,4030,4034,4115,4113,4255,4302,4384,4528,4626,4872,5094,5272,5693,6143,6520,7081,7718,8640,9633,10593,11648,12906,14168,15436,17263,18988,21058,23440,25705,28045,30686,32933,35805,38378,41560,43676,45947,47672,49125,50410,51669,53194,54199,404,391,395,402,402,392,390,392,394,390,390,384,391,382,404,392,383,418,410,422,419,420,436,429,448,447,458,468,493,504,528,578,628,694,734,814,832,915,970,1030,1077,1134,1202,1282,1361,1499,1656,1783,1990,2219,2423,0.0976,0.0975,0.0953,0.0977,0.0977,0.0999,0.1019,0.1046,0.1083,0.1101,0.1174,0.1177,0.1273,0.1323,0.1407,0.1668,0.2071,0.2501,0.2874,0.3351,0.3937,0.4377,0.494,0.5553,0.6282,0.6918,0.7622,0.8453,0.9038,0.9769,1.0644,1.1416,1.2301,1.3114,1.408,1.5043,1.5878,1.6919,1.7854,1.8697,1.9268,2.0038,2.0423,2.0839,2.1187,2.1541,2.1879,2.2054,2.2314,2.2609,2.2766
G,Sample X5,5,G,4094,4098,3967,4055,3971,4021,3953,4009,3987,4104,4092,4199,4217,4280,4392,4400,4571,4778,4897,5202,5547,5898,6287,6841,7590,8371,9092,10074,11357,12415,13828,15036,16639,18380,20398,22521,24852,27181,29432,32137,34886,37135,39783,42344,44975,46575,47906,49299,50804,51934,52954,390,396,406,382,408,399,387,393,398,390,384,382,384,373,381,389,385,400,398,385,401,404,424,413,426,426,430,422,438,458,480,506,515,543,569,610,660,698,716,753,806,846,876,932,985,1050,1150,1254,1410,1544,1690,0.1,0.0995,0.0995,0.1014,0.1012,0.1044,0.1081,0.1093,0.1104,0.1136,0.1213,0.1232,0.1305,0.1357,0.1477,0.1502,0.1569,0.1723,0.1854,0.1993,0.222,0.2468,0.2847,0.3375,0.3991,0.4544,0.5505,0.6433,0.7766,0.9473,1.0554,1.1486,1.2282,1.3292,1.4343,1.5319,1.6118,1.7256,1.8307,1.9165,1.9911,2.0712,2.0987,2.1287,2.1945,2.23,2.2583,2.2871,2.298,2.3347,2.3519
G,Sample X6,6,G,4212,4034,4007,3933,3942,3934,4014,3929,3989,4050,4159,4168,4134,4256,4407,4420,4611,4623,4847,5155,5377,5712,6019,6562,6966,7780,8428,9215,10146,11314,12310,13254,14507,15863,17560,19224,21168,23044,25009,27512,29298,31440,33742,36068,38334,40841,42609,44672,45745,47148,48320,411,397,410,387,395,388,388,386,402,389,387,387,375,380,378,384,391,383,393,394,387,382,396,395,392,401,394,415,416,416,422,422,435,453,458,469,501,514,531,543,576,580,596,620,646,656,677,714,731,772,805,0.1022,0.1013,0.0995,0.0983,0.1009,0.1039,0.1071,0.1077,0.1115,0.1128,0.1173,0.1233,0.1272,0.1302,0.1426,0.1474,0.1543,0.1783,0.1918,0.2039,0.2307,0.2783,0.3263,0.3675,0.4537,0.5327,0.6233,0.7144,0.7861,0.8747,0.9532,1.0431,1.1176,1.1867,1.2832,1.3692,1.4546,1.5292,1.6165,1.6933,1.7607,1.843,1.9073,2.0118,2.0473,2.0975,2.1421,2.1735,2.1924,2.238,2.2519
G,Sample X7,7,G,4147,4088,4035,3932,3969,4014,3941,3939,4028,4072,4072,4078,4116,4242,4348,4323,4441,4516,4705,4942,4962,5394,5566,5868,6370,6721,7244,7862,8456,9184,9918,10949,11888,12905,13858,14904,15955,17497,19132,20458,22032,23303,25379,26793,28537,30365,32315,34230,35998,38065,40146,387,410,391,398,392,392,386,374,389,378,384,381,369,380,392,393,373,379,398,392,388,382,380,385,382,387,392,397,390,412,404,402,404,414,408,424,439,438,455,464,476,492,489,508,520,545,550,560,558,583,607,0.0995,0.0987,0.0964,0.097,0.0981,0.102,0.1029,0.105,0.1068,0.1109,0.1136,0.1163,0.1198,0.1216,0.1274,0.1318,0.1395,0.1454,0.155,0.166,0.1786,0.191,0.2218,0.2607,0.3016,0.3608,0.4126,0.4842,0.5479,0.6221,0.7078,0.7921,0.8585,0.936,1.0081,1.0803,1.16,1.2416,1.3196,1.4,1.4902,1.5648,1.6276,1.7214,1.7798,1.8517,1.9294,1.9783,2.035,2.1153,2.1502
G,Sample X8,8,G,4168,4097,3989,3924,3990,3986,3954,3968,3985,3978,3899,4102,3963,4133,4203,4240,4255,4374,4405,4578,4768,4768,4961,5196,5220,5622,5810,5997,6238,6620,6904,7198,7578,7988,8439,8873,9318,9948,10484,11080,11726,12315,13030,13543,14349,14941,15690,16605,17474,18421,19408,403,388,399,395,397,394,388,382,393,380,383,395,391,387,386,376,384,391,384,384,373,376,366,391,380,384,381,391,384,388,390,388,391,396,386,400,414,394,405,395,410,401,424,399,423,419,418,424,427,444,450,0.0985,0.0981,0.0983,0.0944,0.0977,0.1002,0.1038,0.1049,0.1026,0.1068,0.1082,0.1126,0.1143,0.1161,0.1219,0.1248,0.1278,0.1328,0.1422,0.1475,0.1553,0.1673,0.1946,0.215,0.2468,0.2732,0.3013,0.337,0.364,0.3878,0.4167,0.457,0.4923,0.5248,0.5633,0.6085,0.6426,0.695,0.7327,0.7663,0.82,0.8644,0.9089,0.9647,1.002,1.0519,1.0966,1.1459,1.1938,1.258,1.3033
G,Sample X9,9,G,4118,4000,3980,3914,3880,3872,3885,3881,3884,3976,3982,4085,3978,4020,4174,4197,4186,4302,4341,4352,4445,4468,4501,4711,4698,4908,5080,5243,5267,5350,5677,5736,5887,6024,6341,6372,6609,6659,6980,7138,7302,7573,7650,7997,8231,8387,8442,8773,8925,9197,9313,390,398,382,401,392,379,374,397,390,394,369,369,372,382,363,377,384,385,375,374,378,394,374,381,383,370,387,393,373,387,390,381,398,388,388,386,398,386,392,390,396,401,411,407,401,401,409,400,395,410,411,0.0966,0.0979,0.097,0.0968,0.0979,0.1022,0.1038,0.1036,0.1048,0.1059,0.1081,0.111,0.1125,0.1147,0.121,0.1217,0.1265,0.1314,0.1352,0.134,0.1402,0.1424,0.15,0.1589,0.167,0.1785,0.1909,0.2096,0.228,0.244,0.2587,0.2787,0.2967,0.3146,0.337,0.3604,0.3747,0.4039,0.4221,0.4471,0.4712,0.4966,0.5207,0.5386,0.5679,0.5941,0.6175,0.6462,0.6835,0.7077,0.733
G,Sample X10,10,G,4004,3902,3919,3836,3907,3890,3946,3830,3918,3970,3892,3975,3998,4001,4002,4160,4130,4152,4178,4196,4310,4352,4372,4328,4506,4510,4641,4689,4782,4865,4965,5012,5174,5280,5367,5417,5565,5714,5706,5813,5909,6030,5968,6167,6277,6408,6542,6727,6650,6772,6864,400,387,396,392,385,380,371,382,378,375,395,388,375,376,371,380,386,384,384,396,383,373,366,369,373,386,376,382,392,391,385,374,389,385,389,388,387,385,388,391,386,395,386,396,395,393,388,392,401,396,401,0.0955,0.0949,0.097,0.096,0.0973,0.0976,0.1008,0.1011,0.1015,0.1033,0.103,0.1062,0.1057,0.1083,0.1106,0.1148,0.1155,0.1174,0.1226,0.1242,0.1289,0.1293,0.1381,0.1371,0.1398,0.1449,0.1528,0.1626,0.1712,0.1848,0.1994,0.2068,0.2271,0.2312,0.2429,0.2599,0.2532,0.267,0.2849,0.2855,0.3071,0.3171,0.3265,0.3622,0.3554,0.3557,0.3758,0.3884,0.4024,0.4147,0.4247
G,Sample X11,11,G,4106,4080,4052,3874,3903,3914,3940,3955,3924,3911,3946,3958,3944,3940,4057,3939,4084,4117,4165,4231,4286,4200,4376,4344,4414,4447,4495,4507,4688,4654,4787,4812,4852,4879,4990,5009,5132,5206,5249,5444,5380,5426,5534,5580,5735,5759,5770,5824,6060,6065,6031,394,403,389,395,386,386,391,385,384,394,367,385,380,386,388,382,386,380,396,381,374,376,385,385,386,379,382,388,382,394,383,393,388,376,386,390,395,369,388,389,390,402,395,390,391,404,388,393,400,390,406,0.1009,0.1001,0.0997,0.1,0.1021,0.1032,0.1038,0.106,0.105,0.1059,0.1081,0.1121,0.1122,0.1127,0.1167,0.1204,0.1195,0.1233,0.127,0.1281,0.1308,0.1353,0.142,0.1396,0.1452,0.1504,0.1556,0.1557,0.1664,0.1767,0.1869,0.2003,0.2083,0.2106,0.2227,0.2392,0.2525,0.2712,0.2778,0.2977,0.3128,0.3261,0.3396,0.3844,0.3662,0.3636,0.3979,0.4021,0.4241,0.4348,0.4531
G,Sample X12,12,G,4000,4028,3952,3930,3944,3867,3830,3866,3987,3874,3944,3967,3966,3956,4058,4032,4109,4079,4132,4114,4132,4259,4216,4240,4248,4385,4350,4443,4349,4486,4613,4579,4611,4657,4763,4622,4748,4826,4769,4963,4871,5054,5088,5129,5097,5148,5141,5219,5208,5276,5324,398,380,393,391,394,387,387,385,363,384,370,376,375,380,378,378,378,375,384,380,383,393,384,381,380,378,376,383,381,372,378,374,392,387,389,396,388,386,389,385,388,397,380,398,402,386,398,396,398,409,389,0.1046,0.1037,0.103,0.103,0.1039,0.1066,0.1106,0.1068,0.1111,0.1105,0.1122,0.1153,0.115,0.1162,0.1191,0.1214,0.1202,0.1239,0.129,0.1323,0.1398,0.1357,0.1392,0.1391,0.1444,0.1495,0.1513,0.152,0.1573,0.1573,0.1595,0.16,0.1623,0.1675,0.1686,0.1753,0.1748,0.1839,0.1773,0.182,0.1761,0.1775,0.1877,0.2056,0.196,0.191,0.1907,0.1983,0.1975,0.1993,0.1967
H,Sample X1,1,H,4063,4023,3935,3888,3900,3941,3944,3928,3919,4020,4079,4118,4188,4200,4345,4395,4673,4807,4978,5426,5658,6015,6639,7252,8044,9019,9969,11148,12413,13709,15169,16928,18683,21069,23370,25769,28649,31536,34413,37444,40541,43992,47334,49884,52905,54714,56001,57966,59284,60810,62116,398,387,388,387,387,380,378,385,378,381,370,382,388,376,380,390,399,409,392,408,419,414,443,432,441,459,463,479,510,510,556,603,654,718,768,826,917,1002,1059,1144,1234,1274,1358,1488,1616,1765,1939,2218,2429,2645,2956,0.0988,0.0984,0.0976,0.1002,0.0996,0.1035,0.104,0.1071,0.1092,0.1114,0.1179,0.1195,0.1279,0.1287,0.1398,0.1467,0.1577,0.1698,0.1802,0.1943,0.2192,0.2373,0.271,0.2952,0.3241,0.3772,0.4228,0.4952,0.5809,0.6889,0.8012,0.9121,1.0782,1.3565,1.4045,1.582,1.7781,1.8931,2.0265,2.1274,2.2335,2.3181,2.3949,2.4311,2.4577,2.4465,2.4693,2.5079,2.5281,2.5864,2.5523
H,Sample X2,2,H,4088,3954,3934,3869,3896,3898,3802,3847,3915,3942,3924,4030,4032,4118,4338,4329,4602,4669,4955,5236,5592,6009,6525,7182,7811,8669,9517,10786,11967,13312,14702,16235,17917,20229,22062,24688,27260,30010,32806,35688,38541,41636,44948,47815,50661,52168,53778,55534,56948,58624,59652,400,386,381,375,376,375,386,384,380,372,363,382,365,382,376,372,387,397,390,404,398,413,404,424,437,450,461,458,496,509,553,589,659,712,772,820,919,979,1052,1120,1232,1283,1343,1466,1599,1722,1916,2113,2319,2581,2836,0.1018,0.1022,0.0995,0.1009,0.1008,0.1066,0.1053,0.1076,0.1101,0.1139,0.1209,0.1241,0.1302,0.1347,0.1447,0.1515,0.1653,0.1737,0.1891,0.2042,0.2329,0.2548,0.2955,0.3221,0.3647,0.4168,0.5098,0.6047,0.719,0.8405,1.0404,1.1439,1.2623,1.3528,1.4554,1.5366,1.6541,1.7557,1.8606,1.9298,2.0428,2.1399,2.211,2.1851,2.2669,2.2853,2.3077,2.3474,2.3666,2.3957,2.4048
H,Sample X3,3,H,4068,3972,3973,3908,3865,3916,3815,3936,3967,3873,3989,4010,4140,4096,4298,4372,4545,4698,4934,5163,5448,5918,6356,6943,7710,8371,9378,10797,11798,13109,14382,16031,17821,19762,21859,24692,27145,30279,32703,35551,38658,41738,44828,47857,49803,52100,53464,55024,56610,57742,59504,406,400,395,382,387,388,377,383,368,392,380,379,378,374,401,382,398,388,390,410,416,420,434,429,436,439,447,480,482,507,547,585,660,726,775,853,929,994,1088,1150,1251,1316,1401,1518,1644,1822,2010,2265,2489,2772,3018,0.0973,0.0971,0.095,0.0937,0.095,0.0994,0.099,0.1023,0.1017,0.107,0.1141,0.1162,0.1208,0.1221,0.1326,0.141,0.1526,0.1749,0.1902,0.2019,0.2258,0.2575,0.2918,0.3424,0.3868,0.4582,0.5342,0.626,0.7029,0.8067,0.9389,1.0379,1.2301,1.3639,1.4513,1.5937,1.697,1.869,1.9623,2.0694,2.1737,2.2331,2.295,2.3249,2.3782,2.3824,2.4083,2.4599,2.45,2.4837,2.4786
H,Sample X4,4,H,4121,4068,3953,3902,3992,3928,3896,3943,3946,4111,4034,4087,4140,4200,4242,4498,4591,4858,4942,5156,5613,5942,6326,6941,7681,8428,9250,10640,11703,12816,14199,15600,17294,19199,21176,23763,26268,28681,31462,34240,37005,39993,42760,45716,48692,50867,52377,54115,55758,57085,58371,390,394,392,403,381,384,382,383,388,390,385,382,398,382,378,384,396,391,410,402,396,414,415,433,445,449,442,454,461,497,518,542,602,650,697,765,808,874,953,1021,1060,1117,1185,1256,1358,1482,1595,1763,1966,2163,2432,0.0951,0.0941,0.0924,0.0945,0.0928,0.0954,0.0958,0.0972,0.1012,0.1038,0.1093,0.1122,0.1176,0.1235,0.1328,0.139,0.1454,0.1559,0.1726,0.1895,0.2138,0.2445,0.2943,0.3331,0.3799,0.4554,0.5547,0.631,0.742,0.8366,0.9856,1.0369,1.1543,1.2771,1.3742,1.4716,1.591,1.701,1.8095,1.8843,1.9588,2.1164,2.1823,2.299,2.2973,2.3183,2.3344,2.3749,2.3767,2.4149,2.4123
H,Sample X5,5,H,4024,3905,3994,3913,3874,3876,3949,4016,4005,3951,4056,4020,4076,4116,4349,4360,4465,4652,4895,5145,5462,5744,6173,6784,7251,8178,8853,9892,11217,12311,13634,14756,16400,18097,19962,22059,24648,26874,29506,31818,34688,37789,40539,43108,46062,48816,50278,52310,53756,55131,56331,389,384,390,379,374,380,380,379,367,382,378,372,374,358,389,373,378,377,381,390,390,400,396,397,409,402,421,404,409,430,442,467,488,492,528,555,596,644,649,689,740,789,792,836,892,909,968,1048,1164,1280,1392,0.092,0.0925,0.0943,0.0902,0.0931,0.094,0.0949,0.0968,0.0988,0.1016,0.1041,0.1087,0.1144,0.1165,0.1277,0.1317,0.1388,0.147,0.1621,0.1722,0.1918,0.2117,0.2388,0.2604,0.29,0.3343,0.3883,0.4501,0.5541,0.6557,0.7599,0.8543,0.9833,1.0921,1.2406,1.3607,1.4977,1.5985,1.7665,1.8562,1.981,2.0845,2.1635,2.1903,2.2661,2.316,2.3366,2.3818,2.4055,2.4361,2.4441
H,Sample X6,6,H,4098,3980,3949,3972,3948,3856,3838,3910,4002,3896,4060,4172,4127,4174,4325,4388,4558,4610,4874,5038,5300,5649,5930,6380,6848,7592,8325,9129,10086,11186,12301,13413,14781,16090,17476,19425,21260,23136,25155,27466,29414,31686,34233,36998,39176,41928,44773,46724,48059,49724,51205,398,404,392,394,387,387,379,383,378,378,368,376,378,379,380,389,386,384,381,388,383,382,385,387,380,376,385,386,402,412,416,430,422,445,446,456,474,490,506,522,554,545,581,592,591,625,638,669,680,681,736,0.0954,0.0935,0.0915,0.0924,0.0922,0.0967,0.0968,0.0974,0.0978,0.0998,0.1058,0.1089,0.1149,0.1168,0.1223,0.1272,0.1347,0.1441,0.1554,0.1684,0.1802,0.198,0.2163,0.2385,0.259,0.2913,0.3263,0.3797,0.4431,0.5462,0.6247,0.7124,0.823,0.9409,1.0584,1.2173,1.3251,1.4345,1.4986,1.6179,1.6962,1.8082,1.9284,1.963,2.0372,2.1262,2.1658,2.231,2.2433,2.2698,2.2814
H,Sample X7,7,H,4057,4051,3904,3923,3877,3943,3952,3905,3970,4066,3994,4080,4149,4256,4217,4297,4369,4548,4652,4736,4955,5132,5517,5913,6118,6454,7012,7516,8170,8981,9652,10527,11481,12528,13487,14605,15785,16897,18445,20143,21456,23057,24660,26331,28190,29601,31509,33517,35708,37654,39722,388,404,407,392,379,371,374,379,373,388,385,386,374,384,386,383,387,376,374,375,380,375,385,384,386,392,386,389,396,387,395,392,395,400,410,409,426,413,429,441,455,462,494,487,495,504,521,522,547,549,561,0.0943,0.0938,0.0921,0.0935,0.0913,0.0933,0.0947,0.0971,0.0969,0.1003,0.1029,0.1078,0.1111,0.1132,0.1171,0.1237,0.13,0.1378,0.1445,0.1563,0.1691,0.1822,0.194,0.2128,0.2292,0.2593,0.2891,0.3293,0.3787,0.4353,0.497,0.5758,0.6641,0.7273,0.8111,0.9067,1.049,1.178,1.2765,1.3483,1.418,1.5026,1.6048,1.7399,1.7645,1.8239,1.9259,1.9783,2.0489,2.1614,2.184
H,Sample X8,8,H,4067,3969,3955,3859,3864,3847,3836,3856,3874,3865,3988,3961,4016,4059,4147,4103,4245,4237,4408,4366,4457,4602,4734,4839,5127,5201,5492,5640,5811,5992,6282,6699,7032,7355,7556,8172,8360,8873,9506,9949,10442,10962,11544,12168,12695,13361,14067,14690,15255,16034,16897,392,395,396,393,371,373,385,376,373,376,378,378,366,377,381,378,380,374,362,376,362,364,370,373,368,385,386,378,370,381,384,377,381,381,380,383,377,388,391,386,383,386,392,374,401,402,393,404,410,412,412,0.0943,0.0939,0.0911,0.0919,0.0916,0.0948,0.0948,0.0972,0.0976,0.0992,0.1012,0.1045,0.1075,0.1094,0.1124,0.1157,0.1194,0.1253,0.1287,0.1343,0.138,0.143,0.1528,0.159,0.1632,0.1711,0.1894,0.1934,0.206,0.2281,0.2422,0.2648,0.2932,0.3207,0.3494,0.3751,0.4143,0.4635,0.5163,0.544,0.5853,0.6402,0.7007,0.7931,0.7903,0.8241,0.8834,0.9178,0.9728,1.0255,1.0546
H,Sample X9,9,H,4082,3972,3922,3922,3926,3858,3908,3886,3911,3926,3937,3982,4004,4114,4043,4148,4159,4172,4361,4265,4316,4492,4547,4604,4737,4782,4996,5096,5262,5347,5494,5514,5664,5842,5888,6074,6254,6286,6611,6677,6920,6946,7183,7419,7477,7622,7802,8005,8106,8274,8305,399,398,394,391,379,378,392,381,379,396,380,388,364,382,385,365,376,405,380,374,391,380,386,385,384,361,381,373,384,381,385,382,382,392,382,390,386,384,402,376,399,392,402,389,393,400,391,410,389,399,403,0.0957,0.0974,0.0955,0.0939,0.095,0.0973,0.0994,0.1,0.1,0.1009,0.1061,0.108,0.1101,0.1112,0.114,0.1139,0.12,0.122,0.1245,0.1313,0.1348,0.1378,0.1435,0.1482,0.1513,0.1564,0.1656,0.1778,0.1942,0.2044,0.2123,0.2191,0.244,0.2478,0.2654,0.2755,0.2916,0.3097,0.3273,0.3412,0.353,0.3678,0.381,0.4335,0.3941,0.4199,0.4308,0.4351,0.4482,0.4718,0.458
H,Sample X10,10,H,4145,3958,3942,3900,3896,3804,3880,3908,3937,3887,3951,3936,3970,4002,4045,4023,4092,4073,4189,4088,4236,4346,4407,4364,4462,4523,4616,4757,4718,4866,4941,5010,5092,5224,5192,5319,5455,5423,5612,5703,5716,5856,5805,6074,6105,6126,6312,6352,6461,6464,6601,392,388,384,387,385,394,371,386,377,374,378,379,376,365,369,378,383,369,371,381,369,379,380,375,375,382,384,375,376,384,382,394,396,385,385,395,386,381,390,383,388,388,401,391,388,383,385,386,395,383,401,0.0945,0.0914,0.0913,0.0893,0.0896,0.0941,0.095,0.0968,0.095,0.0971,0.0964,0.1,0.1015,0.1053,0.1035,0.1062,0.1092,0.1045,0.1155,0.1193,0.121,0.1262,0.1265,0.1317,0.1336,0.1322,0.1397,0.1427,0.1469,0.1443,0.1468,0.1537,0.1635,0.1622,0.1705,0.187,0.2055,0.2054,0.199,0.1962,0.2057,0.2017,0.1999,0.207,0.1984,0.1993,0.1946,0.2003,0.199,0.2015,0.1955
H,Sample X11,11,H,3968,3970,3851,3878,3859,3896,3900,3831,3921,3896,3871,3940,3958,3936,4022,4006,4150,4164,4138,4130,4177,4245,4260,4350,4365,4394,4480,4479,4540,4670,4695,4749,4863,4878,4998,5024,4909,5018,5085,5048,5207,5202,5304,5324,5398,5415,5461,5524,5664,5587,5754,391,389,383,393,372,386,381,381,376,378,363,379,378,376,368,363,383,374,360,382,377,382,376,390,391,386,384,379,374,381,379,380,374,382,388,386,369,387,392,379,401,376,394,402,381,392,385,393,386,372,398,0.1018,0.0972,0.0984,0.0955,0.0966,0.0991,0.0999,0.102,0.1016,0.1022,0.1044,0.1076,0.1075,0.1096,0.112,0.1116,0.1155,0.1195,0.121,0.1258,0.1267,0.1325,0.1363,0.1413,0.1385,0.141,0.1442,0.1494,0.1543,0.1666,0.1669,0.1635,0.1693,0.1701,0.1744,0.1835,0.1994,0.193,0.1963,0.192,0.1914,0.1946,0.1979,0.2131,0.1914,0.1967,0.1924,0.1949,0.1918,0.1958,0.1955
H,Sample X12,12,H,4090,3952,3965,3868,3886,3853,3871,3875,3941,3922,3944,3994,3934,4019,4045,3991,4161,4033,4163,4197,4080,4200,4236,4333,4396,4338,4386,4394,4476,4503,4604,4613,4590,4733,4780,4805,4812,4772,4882,4940,4924,5060,5029,4995,5142,5220,5234,5290,5228,5296,5389,394,403,386,402,398,372,380,379,387,390,382,384,372,382,372,378,380,373,384,389,386,377,391,387,387,382,382,384,388,377,389,374,379,384,396,397,386,381,385,400,388,396,393,394,382,387,399,403,402,396,400,0.1017,0.1007,0.0997,0.0964,0.0987,0.1005,0.1026,0.1016,0.1027,0.1027,0.1061,0.1067,0.1061,0.1107,0.112,0.1108,0.1142,0.1184,0.122,0.1233,0.1233,0.1301,0.1296,0.132,0.136,0.137,0.14,0.1454,0.1502,0.1524,0.1487,0.1536,0.1594,0.1585,0.1668,0.1701,0.1758,0.1775,0.1755,0.1881,0.1758,0.1784,0.1791,0.1933,0.1816,0.1872,0.1932,0.1877,0.192,0.1947,0.1989