,,,,,,,,,,,,,,,,,,,,,,,,,,,,,,,,,,,,,,,,,,,,,,,,,,,,,,,,,,,,,,,,,,,,,,,,,,,,,,,,,,,,,,,,,,,,,,,,,,,,,,,,,,,,,,,,,,,,,,,,,,,,,,,,,,,,,,,,,,,,,
,,,,,,,,,,,,,,,,,,,,,,,,,,,,,,,,,,,,,,,,,,,,,,,,,,,,,,,,,,,,,,,,,,,,,,,,,,,,,,,,,,,,,,,,,,,,,,,,,,,,,,,,,,,,,,,,,,,,,,,,,,,,,,,,,,,,,,,,,,,,,
User: JAMES4,,,Path: C:\Program Files\BMG\MARS\James4\Data\,,,,,,,Test ID: 91,,,,,,,,,,,,,,,,,,,,,,,,,,,,,,,,,,,,,,,,,,,,,,,,,,,,,,,,,,,,,,,,,,,,,,,,,,,,,,,,,,,,,,,,,,,,,,,,,,,,,,,,,,,,,,,,,,,,,,,,,,,,,,,,,,,
Test Name: GFP 96WELL,,,,,,,,Date: 01/06/2012,,Time: 15:44:37,,,,,,,,,,,,,,,,,,,,,,,,,,,,,,,,,,,,,,,,,,,,,,,,,,,,,,,,,,,,,,,,,,,,,,,,,,,,,,,,,,,,,,,,,,,,,,,,,,,,,,,,,,,,,,,,,,,,,,,,,,,,,,,,,,,
ID1: 010612,,,,,,,,,,,,,,,,,,,,,,,,,,,,,,,,,,,,,,,,,,,,,,,,,,,,,,,,,,,,,,,,,,,,,,,,,,,,,,,,,,,,,,,,,,,,,,,,,,,,,,,,,,,,,,,,,,,,,,,,,,,,,,,,,,,,,,,,,,,,,
ID2: 010612,,,,,,,,,,,,,,,,,,,,,,,,,,,,,,,,,,,,,,,,,,,,,,,,,,,,,,,,,,,,,,,,,,,,,,,,,,,,,,,,,,,,,,,,,,,,,,,,,,,,,,,,,,,,,,,,,,,,,,,,,,,,,,,,,,,,,,,,,,,,,
ID3: 010612,,,,,,,,,,,,,,,,,,,,,,,,,,,,,,,,,,,,,,,,,,,,,,,,,,,,,,,,,,,,,,,,,,,,,,,,,,,,,,,,,,,,,,,,,,,,,,,,,,,,,,,,,,,,,,,,,,,,,,,,,,,,,,,,,,,,,,,,,,,,,
"Fluorescence (FI), multichromatic",,,,,,,,,,,,,,,,,,,,,,,,,,,,,,,,,,,,,,,,,,,,,,,,,,,,,,,,,,,,,,,,,,,,,,,,,,,,,,,,,,,,,,,,,,,,,,,,,,,,,,,,,,,,,,,,,,,,,,,,,,,,,,,,,,,,,,,,,,,,,
,,,,,,,,,,,,,,,,,,,,,,,,,,,,,,,,,,,,,,,,,,,,,,,,,,,,,,,,,,,,,,,,,,,,,,,,,,,,,,,,,,,,,,,,,,,,,,,,,,,,,,,,,,,,,,,,,,,,,,,,,,,,,,,,,,,,,,,,,,,,,
Group,Content,"Well
Col","Well
Row","Raw Data (430-10, 480-10 1)
1 - 0 h  ","Raw Data (430-10, 480-10 1)
2 - 0 h 14 min ","Raw Data (430-10, 480-10 1)
3 - 0 h 29 min ","Raw Data (430-10, 480-10 1)
4 - 0 h 44 min ","Raw Data (430-10, 480-10 1)
5 - 0 h 59 min ","Raw Data (430-10, 480-10 1)
6 - 1 h 13 min ","Raw Data (430-10, 480-10 1)
7 - 1 h 28 min ","Raw Data (430-10, 480-10 1)
8 - 1 h 43 min ","Raw Data (430-10, 480-10 1)
9 - 1 h 58 min ","Raw Data (430-10, 480-10 1)
10 - 2 h 13 min ","Raw Data (430-10, 480-10 1)
11 - 2 h 27 min ","Raw Data (430-10, 480-10 1)
12 - 2 h 42 min ","Raw Data (430-10, 480-10 1)
13 - 2 h 57 min ","Raw Data (430-10, 480-10 1)
14 - 3 h 12 min ","Raw Data (430-10, 480-10 1)
15 - 3 h 26 min ","Raw Data (430-10, 480-10 1)
16 - 3 h 41 min ","Raw Data (430-10, 480-10 1)
17 - 3 h 56 min ","Raw Data (430-10, 480-10 1)
18 - 4 h 11 min ","Raw Data (430-10, 480-10 1)
19 - 4 h 26 min ","Raw Data (430-10, 480-10 1)
20 - 4 h 41 min ","Raw Data (430-10, 480-10 1)
21 - 4 h 56 min ","Raw Data (430-10, 480-10 1)
22 - 5 h 11 min ","Raw Data (430-10, 480-10 1)
23 - 5 h 25 min ","Raw Data (430-10, 480-10 1)
24 - 5 h 40 min ","Raw Data (430-10, 480-10 1)
25 - 5 h 55 min ","Raw Data (430-10, 480-10 1)
26 - 6 h 10 min ","Raw Data (430-10, 480-10 1)
27 - 6 h 25 min ","Raw Data (430-10, 480-10 1)
28 - 6 h 40 min ","Raw Data (430-10, 480-10 1)
29 - 6 h 55 min ","Raw Data (430-10, 480-10 1)
30 - 7 h 10 min ","Raw Data (430-10, 480-10 1)
31 - 7 h 24 min ","Raw Data (430-10, 480-10 1)
32 - 7 h 39 min ","Raw Data (430-10, 480-10 1)
33 - 7 h 54 min ","Raw Data (430-10, 480-10 1)
34 - 8 h 9 min ","Raw Data (430-10, 480-10 1)
35 - 8 h 24 min ","Raw Data (430-10, 480-10 1)
36 - 8 h 40 min ","Raw Data (430-10, 480-10 1)
37 - 8 h 54 min ","Raw Data (430-10, 480-10 1)
38 - 9 h 9 min ","Raw Data (430-10, 480-10 1)
39 - 9 h 24 min ","Raw Data (430-10, 480-10 1)
40 - 9 h 39 min ","Raw Data (430-10, 480-10 1)
41 - 9 h 54 min ","Raw Data (430-10, 480-10 1)
42 - 10 h 9 min ","Raw Data (430-10, 480-10 1)
43 - 10 h 24 min ","Raw Data (430-10, 480-10 1)
44 - 10 h 39 min ","Raw Data (430-10, 480-10 1)
45 - 10 h 54 min ","Raw Data (430-10, 480-10 1)
46 - 11 h 9 min ","Raw Data (500-10, 530-10 2)
1 - 0 h  ","Raw Data (500-10, 530-10 2)
2 - 0 h 14 min ","Raw Data (500-10, 530-10 2)
3 - 0 h 29 min ","Raw Data (500-10, 530-10 2)
4 - 0 h 44 min ","Raw Data (500-10, 530-10 2)
5 - 0 h 59 min ","Raw Data (500-10, 530-10 2)
6 - 1 h 13 min ","Raw Data (500-10, 530-10 2)
7 - 1 h 28 min ","Raw Data (500-10, 530-10 2)
8 - 1 h 43 min ","Raw Data (500-10, 530-10 2)
9 - 1 h 58 min ","Raw Data (500-10, 530-10 2)
10 - 2 h 13 min ","Raw Data (500-10, 530-10 2)
11 - 2 h 27 min ","Raw Data (500-10, 530-10 2)
12 - 2 h 42 min ","Raw Data (500-10, 530-10 2)
13 - 2 h 57 min ","Raw Data (500-10, 530-10 2)
14 - 3 h 12 min ","Raw Data (500-10, 530-10 2)
15 - 3 h 26 min ","Raw Data (500-10, 530-10 2)
16 - 3 h 41 min ","Raw Data (500-10, 530-10 2)
17 - 3 h 56 min ","Raw Data (500-10, 530-10 2)
18 - 4 h 11 min ","Raw Data (500-10, 530-10 2)
19 - 4 h 26 min ","Raw Data (500-10, 530-10 2)
20 - 4 h 41 min ","Raw Data (500-10, 530-10 2)
21 - 4 h 56 min ","Raw Data (500-10, 530-10 2)
22 - 5 h 11 min ","Raw Data (500-10, 530-10 2)
23 - 5 h 25 min ","Raw Data (500-10, 530-10 2)
24 - 5 h 40 min ","Raw Data (500-10, 530-10 2)
25 - 5 h 55 min ","Raw Data (500-10, 530-10 2)
26 - 6 h 10 min ","Raw Data (500-10, 530-10 2)
27 - 6 h 25 min ","Raw Data (500-10, 530-10 2)
28 - 6 h 40 min ","Raw Data (500-10, 530-10 2)
29 - 6 h 55 min ","Raw Data (500-10, 530-10 2)
30 - 7 h 10 min ","Raw Data (500-10, 530-10 2)
31 - 7 h 24 min ","Raw Data (500-10, 530-10 2)
32 - 7 h 39 min ","Raw Data (500-10, 530-10 2)
33 - 7 h 54 min ","Raw Data (500-10, 530-10 2)
34 - 8 h 9 min ","Raw Data (500-10, 530-10 2)
35 - 8 h 24 min ","Raw Data (500-10, 530-10 2)
36 - 8 h 40 min ","Raw Data (500-10, 530-10 2)
37 - 8 h 54 min ","Raw Data (500-10, 530-10 2)
38 - 9 h 9 min ","Raw Data (500-10, 530-10 2)
39 - 9 h 24 min ","Raw Data (500-10, 530-10 2)
40 - 9 h 39 min ","Raw Data (500-10, 530-10 2)
41 - 9 h 54 min ","Raw Data (500-10, 530-10 2)
42 - 10 h 9 min ","Raw Data (500-10, 530-10 2)
43 - 10 h 24 min ","Raw Data (500-10, 530-10 2)
44 - 10 h 39 min ","Raw Data (500-10, 530-10 2)
45 - 10 h 54 min ","Raw Data (500-10, 530-10 2)
46 - 11 h 9 min ","Raw Data (600, Lens 3)
1 - 0 h  ","Raw Data (600, Lens 3)
2 - 0 h 14 min ","Raw Data (600, Lens 3)
3 - 0 h 29 min ","Raw Data (600, Lens 3)
4 - 0 h 44 min ","Raw Data (600, Lens 3)
5 - 0 h 59 min ","Raw Data (600, Lens 3)
6 - 1 h 13 min ","Raw Data (600, Lens 3)
7 - 1 h 28 min ","Raw Data (600, Lens 3)
8 - 1 h 43 min ","Raw Data (600, Lens 3)
9 - 1 h 58 min ","Raw Data (600, Lens 3)
10 - 2 h 13 min ","Raw Data (600, Lens 3)
11 - 2 h 27 min ","Raw Data (600, Lens 3)
12 - 2 h 42 min ","Raw Data (600, Lens 3)
13 - 2 h 57 min ","Raw Data (600, Lens 3)
14 - 3 h 12 min ","Raw Data (600, Lens 3)
15 - 3 h 26 min ","Raw Data (600, Lens 3)
16 - 3 h 41 min ","Raw Data (600, Lens 3)
17 - 3 h 56 min ","Raw Data (600, Lens 3)
18 - 4 h 11 min ","Raw Data (600, Lens 3)
19 - 4 h 26 min ","Raw Data (600, Lens 3)
20 - 4 h 41 min ","Raw Data (600, Lens 3)
21 - 4 h 56 min ","Raw Data (600, Lens 3)
22 - 5 h 11 min ","Raw Data (600, Lens 3)
23 - 5 h 25 min ","Raw Data (600, Lens 3)
24 - 5 h 40 min ","Raw Data (600, Lens 3)
25 - 5 h 55 min ","Raw Data (600, Lens 3)
26 - 6 h 10 min ","Raw Data (600, Lens 3)
27 - 6 h 25 min ","Raw Data (600, Lens 3)
28 - 6 h 40 min ","Raw Data (600, Lens 3)
29 - 6 h 55 min ","Raw Data (600, Lens 3)
30 - 7 h 10 min ","Raw Data (600, Lens 3)
31 - 7 h 24 min ","Raw Data (600, Lens 3)
32 - 7 h 39 min ","Raw Data (600, Lens 3)
33 - 7 h 54 min ","Raw Data (600, Lens 3)
34 - 8 h 9 min ","Raw Data (600, Lens 3)
35 - 8 h 24 min ","Raw Data (600, Lens 3)
36 - 8 h 40 min ","Raw Data (600, Lens 3)
37 - 8 h 54 min ","Raw Data (600, Lens 3)
38 - 9 h 9 min ","Raw Data (600, Lens 3)
39 - 9 h 24 min ","Raw Data (600, Lens 3)
40 - 9 h 39 min ","Raw Data (600, Lens 3)
41 - 9 h 54 min ","Raw Data (600, Lens 3)
42 - 10 h 9 min ","Raw Data (600, Lens 3)
43 - 10 h 24 min ","Raw Data (600, Lens 3)
44 - 10 h 39 min ","Raw Data (600, Lens 3)
45 - 10 h 54 min ","Raw Data (600, Lens 3)
46 - 11 h 9 min "
,,,,0,0.245555555555556,0.4925,0.738611111111111,0.984722222222222,1.23111111111111,1.47694444444444,1.72388888888889,1.97,2.21722222222222,2.46305555555556,2.70972222222222,2.95583333333333,3.20305555555556,3.44916666666667,3.69527777777778,3.94166666666667,4.18777777777778,4.43666666666667,4.68888888888889,4.93666666666667,5.18583333333333,5.43305555555556,5.67888888888889,5.92777777777778,6.17361111111111,6.4225,6.67027777777778,6.91916666666667,7.16666666666667,7.41583333333333,7.66583333333333,7.91222222222222,8.16333333333333,8.41583333333333,8.6675,8.91361111111111,9.16361111111111,9.41416666666667,9.66416666666667,9.91166666666667,10.1636111111111,10.4116666666667,10.6636111111111,10.9152777777778,11.1652777777778,0,0.245555555555556,0.4925,0.738611111111111,0.984722222222222,1.23111111111111,1.47694444444444,1.72388888888889,1.97,2.21722222222222,2.46305555555556,2.70972222222222,2.95583333333333,3.20305555555556,3.44916666666667,3.69527777777778,3.94166666666667,4.18777777777778,4.43666666666667,4.68888888888889,4.93666666666667,5.18583333333333,5.43305555555556,5.67888888888889,5.92777777777778,6.17361111111111,6.4225,6.67027777777778,6.91916666666667,7.16666666666667,7.41583333333333,7.66583333333333,7.91222222222222,8.16333333333333,8.41583333333333,8.6675,8.91361111111111,9.16361111111111,9.41416666666667,9.66416666666667,9.91166666666667,10.1636111111111,10.4116666666667,10.6636111111111,10.9152777777778,11.1652777777778,0,0.245555555555556,0.4925,0.738611111111111,0.984722222222222,1.23111111111111,1.47694444444444,1.72388888888889,1.97,2.21722222222222,2.46305555555556,2.70972222222222,2.95583333333333,3.20305555555556,3.44916666666667,3.69527777777778,3.94166666666667,4.18777777777778,4.43666666666667,4.68888888888889,4.93666666666667,5.18583333333333,5.43305555555556,5.67888888888889,5.92777777777778,6.17361111111111,6.4225,6.67027777777778,6.91916666666667,7.16666666666667,7.41583333333333,7.66583333333333,7.91222222222222,8.16333333333333,8.41583333333333,8.6675,8.91361111111111,9.16361111111111,9.41416666666667,9.66416666666667,9.91166666666667,10.1636111111111,10.4116666666667,10.6636111111111,10.9152777777778,11.1652777777778
A,Sample X1,1,A,5626,5663,5792,5784,6007,6001,6300,6679,6973,7602,8227,9145,10112,11288,12910,14546,16411,18659,21250,24412,27533,31420,35487,38902,43254,47905,52260,56078,59735,62436,65404,68025,71127,74262,76603,78696,81450,84894,87238,90082,92733,95880,98899,101401,103594,105972,476,496,551,620,693,849,1024,1264,1519,1909,2336,2907,3540,4352,5309,6297,7342,8676,10324,12091,14213,16416,18541,20584,22762,25137,27781,30787,33708,36768,39528,42326,45470,48028,50968,53396,56289,59292,62189,65131,67902,70710,73392,76590,79142,82079,0.1171,0.1283,0.1365,0.1541,0.1805,0.1921,0.2202,0.2642,0.3063,0.3552,0.4428,0.5645,0.6662,0.8023,0.9271,1.0965,1.2585,1.4506,1.6383,1.818,1.9507,2.1152,2.2853,2.3893,2.4543,2.5395,2.6209,2.6732,2.69,2.7469,2.8504,2.8334,2.8639,2.9215,2.9966,2.9708,3.0208,3.0784,3.0947,3.1258,3.1941,3.21,3.1982,3.2155,3.2057,3.2151
A,Sample X2,2,A,5730,5807,5862,5854,5936,6170,6407,6646,7123,7565,8300,9149,10296,11272,12864,14396,16116,18128,20774,23460,26802,30050,33730,37189,40780,44556,48356,51977,54959,57786,59924,62326,64587,66666,68454,70914,72642,75192,76955,79282,81307,83456,85404,87141,89467,90927,492,508,560,626,737,844,1040,1282,1525,1889,2345,2787,3445,4147,5057,5963,7057,8268,9728,11440,13252,15171,17031,18805,20782,22841,25120,27888,30600,33173,35761,38212,40570,42754,45045,47186,49543,51751,53494,55702,57733,59684,61569,63364,65259,66798,0.1196,0.1216,0.127,0.1375,0.1534,0.1716,0.2017,0.2502,0.2971,0.386,0.5096,0.669,0.8245,0.9711,1.1259,1.2822,1.4319,1.5539,1.702,1.8278,1.9229,2.0365,2.1571,2.2488,2.3484,2.4248,2.5027,2.5637,2.5826,2.636,2.662,2.708,2.7289,2.7917,2.7892,2.8239,2.8387,2.8859,2.9207,2.9346,2.9564,2.984,2.9957,3.0506,3.0263,3.0385
A,Sample X3,3,A,5695,5630,5831,5772,5927,6193,6484,6788,7103,7727,8385,9175,10030,11336,12815,14225,16018,18110,20276,23295,26224,29395,32774,35985,39491,43195,46701,50531,53357,55984,57576,59972,61612,63714,65138,66927,68577,70054,72843,74087,75692,78003,80101,81379,82918,84566,484,514,565,627,748,890,1051,1280,1530,1897,2276,2779,3419,4167,4947,5874,6850,8040,9539,11141,12965,14801,16643,18248,20165,22000,24072,26780,29294,31705,34025,36447,38504,40526,42622,44520,46091,48239,49825,51591,53072,54772,56550,58221,59812,61134,0.1122,0.1207,0.1248,0.1367,0.1452,0.1587,0.1819,0.2105,0.2428,0.3013,0.3713,0.4489,0.6001,0.7811,0.9668,1.1431,1.2391,1.3763,1.4843,1.6767,1.8209,1.9473,2.0798,2.1849,2.2838,2.3718,2.4428,2.497,2.5355,2.5898,2.6072,2.655,2.6761,2.7297,2.7291,2.7567,2.7662,2.8434,2.8358,2.8576,2.8467,2.8711,2.8686,2.9345,2.8768,2.8871
A,Sample X4,4,A,5696,5751,5816,5926,5934,6168,6420,6792,7157,7689,8424,9033,10007,11384,12616,14045,15581,17743,19932,22665,25421,28541,32022,35210,38335,41735,45223,48838,51132,53847,55909,57733,58986,60360,62150,63640,65058,66874,67677,69767,70828,72772,74323,75760,77318,78727,497,500,557,626,734,860,1030,1264,1525,1861,2264,2740,3319,4017,4811,5724,6677,7842,9271,10886,12597,14284,16009,17659,19425,21117,23289,25477,27906,30268,32459,34679,36374,38315,40143,41763,43235,44852,46456,47521,48686,50435,51731,52963,54177,55342,0.1149,0.1201,0.126,0.1385,0.1472,0.1615,0.1844,0.213,0.2503,0.2985,0.3672,0.4265,0.5113,0.6046,0.7314,0.8279,0.9184,1.0421,1.1309,1.2979,1.4462,1.6396,1.8483,2.004,2.1036,2.229,2.314,2.3824,2.4652,2.5176,2.522,2.6113,2.6052,2.6688,2.677,2.7088,2.7158,2.7151,2.7215,2.7131,2.7271,2.7511,2.7529,2.8068,2.7744,2.7622
A,Sample X5,5,A,5705,5794,5814,5966,5991,6245,6437,6774,7257,7676,8310,9170,10306,11554,12710,14214,16035,18000,20378,23047,26000,29375,33075,36071,39775,43175,47140,50578,53085,55556,57535,59768,61509,63983,65620,67060,68846,70515,72720,74330,75986,78171,79993,81355,82795,84912,489,526,571,636,713,856,1032,1242,1526,1816,2254,2750,3264,3935,4795,5621,6566,7699,9125,10560,12354,14051,15624,17303,19068,21022,23000,25194,27543,30030,31998,34362,36282,38107,40088,41996,43520,45626,46930,48391,50106,51716,53261,54956,56234,57648,0.1146,0.1197,0.1257,0.139,0.1473,0.1613,0.1845,0.2056,0.2393,0.2764,0.3283,0.3841,0.4601,0.5508,0.6859,0.807,0.9141,1.0664,1.1708,1.3756,1.5784,1.7771,1.9594,2.0982,2.2116,2.3218,2.4005,2.4612,2.5335,2.5915,2.6043,2.6762,2.6788,2.7185,2.7634,2.7765,2.7935,2.8012,2.8099,2.8254,2.8325,2.8546,2.9024,2.9385,2.8897,2.8729
A,Sample X6,6,A,5764,5628,5764,5825,6038,6096,6411,6552,6877,7674,8256,9247,10195,11498,12848,14365,16014,18250,20655,23526,26301,29768,33562,37040,40658,44614,48207,52085,54934,57182,60118,62168,64796,66633,69395,71002,73226,75239,77217,79288,81400,83630,85580,87648,89560,91558,476,508,538,598,687,792,935,1132,1346,1650,2019,2408,2894,3538,4265,5037,5908,6882,8092,9528,11050,12534,14010,15457,16926,18626,20560,22600,24612,26722,28706,30638,32365,34437,36249,38204,39822,41543,43518,45268,46509,48637,50344,51618,53325,55085,0.1105,0.1169,0.1227,0.1328,0.142,0.1577,0.1743,0.198,0.2283,0.2708,0.3213,0.3803,0.4666,0.5543,0.7154,0.822,0.9039,1.0693,1.1869,1.4229,1.6104,1.7894,1.9703,2.0975,2.2325,2.317,2.3903,2.4536,2.5011,2.578,2.6216,2.6682,2.6917,2.7465,2.7747,2.7815,2.8071,2.8706,2.913,2.8865,2.9036,2.9313,2.9841,3.0202,2.9769,2.9648
A,Sample X7,7,A,5687,5643,5810,5842,6014,6138,6347,6642,7062,7539,8378,9332,10303,11410,12830,14456,16153,18008,20536,23263,26250,29600,33028,36278,39812,43610,47406,50633,53670,56406,58481,60278,62356,64046,66345,68318,70019,71931,73607,75354,77327,79567,81018,82696,84900,86422,463,519,528,599,678,786,941,1101,1304,1585,1893,2274,2705,3280,3894,4619,5306,6287,7303,8602,9969,11283,12656,14067,15486,16935,18664,20598,22274,24055,25762,27480,28969,30771,32376,33695,35199,36304,37943,39164,40646,41937,43296,44468,45722,46802,0.1121,0.1185,0.1228,0.1362,0.1431,0.1598,0.1777,0.2028,0.2318,0.2739,0.3256,0.3821,0.4539,0.5371,0.6381,0.7212,0.8233,0.9482,1.0385,1.1627,1.2652,1.4518,1.7284,1.9312,2.0522,2.2011,2.3061,2.3899,2.4476,2.5315,2.5708,2.5929,2.6534,2.6895,2.6934,2.7477,2.786,2.7551,2.7952,2.779,2.8026,2.8575,2.8843,2.9049,2.8927,2.8622
A,Sample X8,8,A,5716,5697,5726,5810,5980,6212,6344,6540,7150,7769,8330,9182,10208,11469,12874,14510,16186,17951,20643,23362,26510,29618,33345,36161,40192,43802,47567,50807,53272,55881,57648,60346,62403,64032,66109,67962,69505,71535,73482,75389,76961,78959,80816,82387,83936,85465,457,496,509,561,620,668,768,853,1002,1142,1320,1539,1770,2098,2388,2780,3200,3788,4424,5273,6100,6885,7682,8557,9390,10255,11317,12354,13460,14541,15508,16471,17465,18384,19388,20412,21281,22154,23089,23891,24494,25638,26434,27115,28110,28741,0.1114,0.1174,0.1229,0.1336,0.1375,0.1493,0.1656,0.1861,0.2154,0.2515,0.2928,0.3574,0.4316,0.5128,0.641,0.739,0.8451,0.9977,1.0864,1.2439,1.4556,1.6653,1.8748,2.0502,2.1497,2.2596,2.3499,2.4021,2.4587,2.5531,2.5889,2.6046,2.6584,2.7012,2.7256,2.7551,2.8109,2.7783,2.7994,2.8133,2.8175,2.8622,2.8769,2.9228,2.8811,2.8625
A,Sample X9,9,A,5594,5782,5763,5882,5946,6036,6338,6781,7125,7756,8198,9094,10196,11398,12744,14284,16098,17775,20250,23178,26160,28856,32542,35715,39330,42633,46431,50018,52260,54270,56869,58706,60548,62516,64443,65989,67716,69655,71070,72889,74234,76609,77884,79373,80435,82376,445,452,490,506,515,566,605,695,716,794,914,976,1078,1237,1402,1552,1779,2025,2402,2836,3275,3710,4153,4556,5028,5530,6007,6526,6984,7591,8116,8650,9049,9574,10117,10728,11158,11586,12039,12522,12888,13394,13822,14368,14788,15224,0.115,0.1195,0.1261,0.1363,0.1426,0.1571,0.1728,0.1939,0.22,0.2591,0.3006,0.3489,0.4193,0.4911,0.5724,0.648,0.7242,0.8362,0.93,1.0795,1.3364,1.5568,1.7778,1.9392,2.0609,2.1778,2.2766,2.329,2.4097,2.4765,2.5068,2.5516,2.5887,2.6359,2.6632,2.6887,2.7128,2.7464,2.7332,2.7517,2.763,2.8221,2.8367,2.8611,2.8374,2.8138
A,Sample X10,10,A,5786,5714,5832,5846,5974,6146,6298,6620,7128,7583,8278,9069,10090,11202,12698,14119,15863,17777,20254,23121,25968,28912,32425,35679,39266,43298,46733,50471,52984,55030,57436,59089,61492,63145,64954,67689,68791,70742,72999,74752,76512,78118,79355,81267,82913,84437,450,436,462,470,472,499,513,532,556,592,607,631,702,736,805,878,932,1070,1226,1372,1578,1783,2030,2184,2383,2553,2743,2987,3160,3386,3582,3870,4054,4320,4572,4794,5023,5356,5599,5824,6096,6357,6605,6834,7179,7352,0.1355,0.117,0.1212,0.1323,0.1391,0.1539,0.1724,0.1952,0.2257,0.2614,0.3025,0.3502,0.4168,0.4838,0.5837,0.6752,0.7843,0.9471,1.052,1.2291,1.4515,1.659,1.8289,1.9698,2.0755,2.1625,2.2651,2.303,2.3965,2.4511,2.4894,2.5296,2.5639,2.6179,2.6422,2.686,2.7091,2.7568,2.7472,2.777,2.7933,2.8579,2.8478,2.8702,2.8456,2.8357
A,Sample X11,11,A,5691,5734,5760,5974,6012,6121,6374,6564,7056,7560,8142,9006,9808,11165,12505,14134,15704,17486,19837,22738,25626,28891,31925,35472,38884,42632,46726,49968,52849,55084,57282,59254,61638,64179,65762,67619,69618,72513,74177,75976,77819,79381,81541,82855,84500,85284,414,431,428,446,444,466,464,465,494,499,524,528,564,574,616,644,695,758,817,932,1048,1164,1247,1364,1472,1581,1700,1802,1941,2069,2174,2296,2429,2604,2768,2948,3098,3256,3403,3621,3801,4016,4175,4339,4538,4705,0.1149,0.1226,0.1284,0.1387,0.1473,0.1565,0.1742,0.1902,0.2159,0.2452,0.2802,0.3227,0.3884,0.4565,0.5419,0.6003,0.6809,0.8151,0.9157,1.0699,1.2226,1.4699,1.6878,1.8716,2.0021,2.1094,2.2142,2.2664,2.3498,2.4184,2.448,2.5063,2.5418,2.5932,2.6305,2.676,2.6963,2.7448,2.7651,2.7998,2.7892,2.8402,2.8552,2.8571,2.8191,2.8422
A,Sample X12,12,A,5668,5747,5822,5792,5920,6065,6275,6679,7007,7414,8226,8980,9847,10989,12250,14054,15582,17535,19762,22362,25316,28784,32062,35766,39382,43616,47262,51132,54094,56357,58776,61189,63478,66096,68067,70390,72242,75144,77435,79504,81606,83989,85953,88102,89734,92210,416,419,414,429,432,429,426,446,448,451,452,456,478,502,512,527,557,583,625,700,750,788,864,945,1007,1077,1155,1241,1325,1398,1440,1548,1645,1719,1874,1977,2075,2214,2367,2523,2650,2816,2942,3122,3233,3462,0.1135,0.1191,0.124,0.133,0.1407,0.1537,0.1686,0.1856,0.2088,0.2398,0.2789,0.3168,0.3616,0.4174,0.4902,0.5609,0.6383,0.7468,0.8509,1.0076,1.2666,1.5019,1.6829,1.8553,1.9982,2.1073,2.1998,2.2653,2.3436,2.4029,2.449,2.5101,2.5791,2.6062,2.6343,2.6972,2.7454,2.7297,2.8055,2.8074,2.7767,2.8472,2.846,2.8958,2.8857,2.8868
B,Sample X1,1,B,5664,5748,5539,5782,5875,6008,6261,6712,7011,7583,8260,9010,10182,11418,12962,14419,16200,18251,20740,23708,26928,30400,34153,38070,41454,45494,49423,53494,56739,59473,62055,64955,67174,69318,71954,74263,76628,78737,81175,84003,86504,88619,90814,93385,95276,97840,478,507,561,642,724,856,1058,1276,1558,1884,2393,2862,3554,4310,5208,6191,7254,8538,10081,12006,13956,16085,18133,20089,22067,24265,26780,29506,32458,35226,38022,40724,43377,45906,48485,50723,53415,56069,58182,60754,63133,64998,67553,69899,72304,74272,0.1128,0.1195,0.125,0.1374,0.1577,0.1928,0.2314,0.3086,0.3934,0.5298,0.6555,0.791,0.9137,1.0405,1.1668,1.3116,1.4361,1.5416,1.6992,1.7863,1.8917,2.0415,2.1459,2.2306,2.3364,2.4021,2.5382,2.5652,2.6109,2.6439,2.7284,2.7551,2.7273,2.7846,2.797,2.847,2.9006,2.8934,2.9672,2.9873,2.9523,3.0013,2.9771,3.0212,3.0874,3.0465
B,Sample X2,2,B,5705,5822,5749,5824,6044,6060,6487,6720,7098,7537,8304,9165,10133,11317,12757,14389,15954,17896,20534,23200,26394,29472,33357,36603,39954,43803,47478,50869,53852,56476,58239,60423,62424,64512,66563,68365,70328,72019,73881,76097,77840,79664,81676,82635,85069,86646,482,516,554,622,717,841,1019,1253,1548,1857,2294,2803,3424,4158,5018,5977,6979,8248,9697,11528,13369,15381,17226,19027,20928,23010,25108,27870,30276,32856,35366,37668,39778,42028,44045,46176,48136,50050,52012,53632,55868,57286,59383,60700,62255,64160,0.1147,0.1213,0.1304,0.1443,0.1567,0.1868,0.2336,0.317,0.4064,0.4834,0.5819,0.7064,0.841,0.9923,1.1362,1.2835,1.4361,1.5546,1.7047,1.8144,1.9072,2.0251,2.1345,2.2161,2.3144,2.3502,2.4805,2.4965,2.5389,2.5846,2.5965,2.6758,2.6505,2.7094,2.7245,2.7558,2.811,2.8134,2.8469,2.8966,2.8645,2.9231,2.9173,2.9348,2.9618,2.9407
B,Sample X3,3,B,5614,5808,5734,5852,5989,6158,6455,6702,7138,7760,8304,9080,9998,11318,12852,14288,15878,18050,20243,23104,26322,29110,32467,35706,39150,42652,45983,49110,52248,54380,55933,57576,59626,61032,62539,64253,65711,67587,69020,70639,71817,73279,74675,76155,78104,78728,508,507,564,628,738,851,1045,1287,1515,1883,2297,2764,3367,4123,4930,5847,6778,8012,9395,11096,12947,14620,16493,18206,19911,21854,23905,26404,28909,31042,33236,35315,37235,39095,40648,42734,44252,45521,47228,48518,49891,51378,52939,53992,55563,56585,0.1115,0.1179,0.1259,0.1386,0.161,0.1919,0.2271,0.2516,0.3022,0.3889,0.5013,0.6363,0.7953,0.9602,1.128,1.2671,1.3695,1.5204,1.6114,1.7601,1.8942,2.0112,2.1226,2.1961,2.3031,2.3438,2.4657,2.4813,2.5485,2.5938,2.6043,2.6409,2.6339,2.6844,2.7052,2.7282,2.7684,2.7666,2.811,2.8568,2.8304,2.8731,2.8709,2.8561,2.8909,2.8533
B,Sample X4,4,B,5658,5674,5812,5863,5888,6089,6429,6764,7088,7644,8263,9160,10008,11290,12837,14172,15940,17936,20294,23043,25773,28958,32436,35542,38675,42410,45814,48991,51925,53826,55794,57373,59335,60791,62530,64016,65952,66787,68608,70334,71505,72912,74804,76006,77486,78894,491,505,562,647,738,857,1024,1259,1540,1854,2246,2686,3274,4008,4914,5762,6721,7875,9359,11012,12738,14525,16300,17943,19780,21464,23569,25882,28426,30571,32598,34787,36649,38356,40081,41922,43120,44706,46130,47249,48856,50206,51793,52931,54188,55258,0.1175,0.1257,0.1334,0.1471,0.1594,0.1798,0.2115,0.2514,0.3221,0.4037,0.4804,0.5901,0.7345,0.8907,1.0594,1.1696,1.2284,1.4064,1.5144,1.6747,1.8206,1.939,2.0685,2.1778,2.2748,2.3482,2.4279,2.4573,2.5323,2.5758,2.5832,2.6238,2.6319,2.6799,2.6915,2.716,2.7382,2.7348,2.637,2.8177,2.8323,2.8205,2.8398,2.8266,2.8557,2.7954
B,Sample X5,5,B,5780,5673,5674,5892,6028,6224,6401,6726,7207,7773,8444,9122,10062,11316,12831,14197,15985,17966,20040,22902,26069,29011,32292,35328,38834,42301,46075,49204,51770,53758,55599,57390,58856,60807,62238,63895,65616,67070,68182,69894,71346,73250,74713,75790,77035,78463,479,524,568,640,711,828,985,1241,1497,1844,2186,2640,3240,3879,4708,5536,6484,7664,8996,10560,12223,13939,15690,17177,18963,20822,22674,25026,27183,29297,31246,33188,35074,36861,38639,40130,41705,43222,44450,45570,47162,48361,49640,50941,52245,53412,0.1164,0.1235,0.1303,0.1454,0.1587,0.1763,0.1987,0.2371,0.261,0.303,0.3581,0.4232,0.5225,0.6598,0.8199,0.9852,1.0691,1.2109,1.3318,1.5033,1.7016,1.8291,1.9735,2.0968,2.196,2.2737,2.333,2.3915,2.4441,2.5248,2.5322,2.5765,2.5936,2.6492,2.6703,2.6927,2.6833,2.7224,2.7374,2.7541,2.7855,2.7924,2.8211,2.7935,2.7898,2.7795
B,Sample X6,6,B,5700,5694,5776,5925,5930,6149,6537,6691,7164,7745,8379,9182,10258,11544,12783,14425,15912,18220,20262,23223,26264,29388,32717,35865,39472,42799,46230,49751,52197,54282,56326,58034,60035,61525,63643,64752,66762,68003,69934,71280,73226,74580,76182,77164,78674,80195,477,532,540,606,703,805,960,1142,1371,1690,2032,2426,2894,3528,4186,4967,5802,6821,7964,9372,10855,12332,13892,15270,16707,18295,19947,22018,23944,25773,27518,29228,30830,32330,33950,35592,36708,38133,39263,40730,42026,43062,44404,45478,46370,47407,0.1138,0.1209,0.1274,0.1393,0.1515,0.1675,0.1933,0.22,0.2562,0.3021,0.3596,0.4184,0.4955,0.5736,0.6603,0.7635,0.8565,0.9644,1.0804,1.2353,1.4402,1.6352,1.8409,1.9677,2.0963,2.1747,2.2611,2.3205,2.3811,2.4591,2.4704,2.535,2.5462,2.6035,2.6301,2.677,2.6743,2.6977,2.7111,2.6887,2.7522,2.7892,2.7816,2.7879,2.8028,2.805
B,Sample X7,7,B,5697,5782,5782,5874,6002,6211,6363,6676,7166,7707,8424,9207,10162,11414,12738,14207,15876,17910,20116,23134,25876,29211,32248,35408,38992,41974,45763,48451,51934,53629,55463,57117,58877,60240,62132,64121,65092,66984,68347,69838,71425,72823,73832,74957,76752,77802,472,506,536,602,668,772,930,1090,1307,1556,1852,2206,2613,3198,3797,4457,5179,6044,7164,8357,9659,11156,12318,13642,14872,16379,17806,19684,21253,23060,24447,26070,27516,28965,30208,31574,32555,33871,34684,35960,36906,37885,38953,39914,40960,41753,0.1126,0.1218,0.127,0.139,0.1486,0.1627,0.1813,0.2024,0.2344,0.2675,0.3176,0.3677,0.4392,0.511,0.5844,0.6752,0.7759,0.8847,0.9924,1.1246,1.3246,1.5427,1.7585,1.9105,2.0374,2.1129,2.2124,2.2786,2.3395,2.4311,2.4426,2.4904,2.5124,2.5757,2.5752,2.6405,2.6468,2.6626,2.6749,2.6771,2.6871,2.7431,2.7278,2.7225,2.7665,2.7482
B,Sample X8,8,B,5681,5741,5836,5950,6027,6186,6370,6664,7202,7675,8338,9200,10150,11436,12898,14430,16122,18014,20451,23292,26328,29490,32592,35863,39339,42729,46350,49424,52422,54125,56550,57858,59471,61145,62867,64408,66577,67808,69482,71023,72691,74260,75606,77143,78035,79158,464,478,521,549,621,680,777,844,978,1148,1330,1516,1782,2068,2426,2769,3236,3743,4437,5246,6101,6965,7774,8652,9460,10328,11264,12350,13469,14592,15446,16420,17441,18228,19178,19926,20872,21556,22344,23073,23504,24592,25392,25930,26591,27282,0.1149,0.1205,0.1283,0.1397,0.148,0.1662,0.1873,0.2128,0.2474,0.2876,0.3327,0.3758,0.4373,0.5065,0.591,0.6725,0.7519,0.8616,0.9654,1.0863,1.3335,1.5278,1.747,1.8983,2.02,2.1059,2.208,2.2773,2.3225,2.3988,2.4267,2.4675,2.5152,2.5493,2.5682,2.6282,2.6527,2.6742,2.6857,2.7019,2.74,2.7417,2.7348,2.7584,2.7737,2.7718
B,Sample X9,9,B,5648,5700,5880,5826,5950,6121,6474,6747,7100,7793,8389,9105,10114,11561,12827,14190,15946,17950,20256,22936,26246,29265,32479,35856,39416,42535,46060,49333,51734,53890,55974,57638,59474,61274,62870,64769,66203,67584,69462,71090,72593,74584,75008,76821,77918,78486,437,457,476,501,532,566,596,628,677,772,825,920,979,1116,1257,1394,1535,1814,2133,2509,2920,3303,3670,4071,4512,4862,5312,5795,6279,6715,7140,7621,7995,8489,8954,9431,9796,10176,10555,11060,11424,11763,12235,12620,12942,13272,0.1137,0.1222,0.1271,0.1395,0.1473,0.1643,0.1825,0.2028,0.2326,0.2739,0.3234,0.3868,0.4628,0.5479,0.6723,0.8013,0.8953,1.0233,1.14,1.2814,1.5114,1.6837,1.8746,2.001,2.1035,2.177,2.2377,2.3033,2.3366,2.4021,2.4295,2.4733,2.5103,2.5425,2.5692,2.6048,2.6567,2.6487,2.6601,2.7104,2.7441,2.7674,2.7481,2.7554,2.7865,2.7263
B,Sample X10,10,B,5739,5742,5816,5805,6070,6204,6370,6664,7119,7584,8338,9141,10084,11181,12704,13986,15877,17748,19791,22768,25494,28656,32259,35115,38986,42211,45641,49006,51333,53785,55959,57538,59498,61002,63358,64664,66587,67760,69269,71514,72241,73938,75709,76139,77831,78844,449,445,445,464,467,488,497,514,550,574,611,629,668,724,745,822,894,1025,1150,1328,1497,1692,1887,2088,2264,2471,2620,2827,3030,3246,3393,3644,3780,4041,4279,4544,4801,5078,5296,5572,5740,5975,6236,6430,6721,6946,0.1127,0.1188,0.1238,0.1345,0.1411,0.157,0.1744,0.1992,0.229,0.2673,0.3146,0.3625,0.4199,0.4883,0.5633,0.6396,0.7193,0.8143,0.9312,1.0375,1.1656,1.3207,1.559,1.7801,1.9348,2.0718,2.1876,2.2617,2.3113,2.366,2.4156,2.4607,2.5145,2.5402,2.5746,2.6025,2.6705,2.6575,2.6934,2.7243,2.7576,2.7845,2.789,2.7779,2.7809,2.73
B,Sample X11,11,B,5772,5837,5839,5840,5887,5917,6318,6556,7049,7591,8298,9029,9880,11137,12475,14051,15484,17393,19810,22652,25347,28366,31686,34998,38620,42314,45752,49398,51554,54300,55923,58011,60153,61962,63975,65721,67312,69261,70622,72080,74120,75724,77589,78924,79841,81146,436,430,423,431,452,458,472,466,484,487,520,525,554,598,605,634,679,734,817,931,1045,1149,1263,1359,1448,1624,1749,1865,1982,2143,2264,2388,2554,2715,2857,3056,3239,3385,3621,3764,3960,4105,4330,4488,4681,4864,0.1147,0.1212,0.124,0.1334,0.1408,0.1552,0.1667,0.1868,0.2094,0.2432,0.2753,0.3169,0.3691,0.4317,0.5054,0.5729,0.6294,0.7057,0.7829,0.8835,0.9884,1.1275,1.4536,1.6887,1.856,2.0258,2.1385,2.2168,2.2821,2.339,2.3831,2.4477,2.5032,2.5188,2.5565,2.6064,2.6391,2.6577,2.7267,2.7537,2.7823,2.8105,2.8245,2.8347,2.8405,2.8046
B,Sample X12,12,B,5698,5886,5727,5768,5897,6097,6381,6648,6964,7292,8150,8784,9748,11128,12501,13832,15454,17254,19633,22505,25559,28464,31684,35434,38974,42710,46601,50174,52581,55244,57618,59642,61900,64102,66521,68418,70713,72885,74930,76752,78664,80733,83074,85316,86412,88802,407,418,404,410,419,434,442,439,432,444,474,477,476,489,510,526,530,584,634,678,762,821,884,958,1020,1111,1194,1248,1321,1399,1484,1556,1659,1769,1895,2036,2176,2316,2411,2602,2751,2904,3091,3188,3399,3593,0.1132,0.1212,0.1243,0.1307,0.1391,0.1496,0.163,0.179,0.2049,0.2348,0.267,0.3007,0.3477,0.4036,0.4731,0.545,0.6165,0.7125,0.8034,0.9203,1.093,1.4175,1.6622,1.82,1.962,2.0862,2.1742,2.2605,2.3251,2.3905,2.4293,2.4996,2.5586,2.5698,2.6112,2.6454,2.7004,2.6781,2.7449,2.7776,2.7679,2.8538,2.8555,2.8966,2.9204,2.9031
C,Sample X1,1,C,5529,5658,5692,5854,5875,6116,6324,6549,7118,7526,8314,9124,10156,11372,12854,14385,16440,18291,20559,23727,26980,30426,34226,37662,41592,45262,49392,53799,57011,59598,61576,64414,66580,68913,71937,73625,76348,78502,81320,82917,85586,87568,89980,91735,94028,96332,486,516,554,627,706,853,1030,1284,1548,1928,2378,2880,3484,4264,5241,6214,7313,8626,10124,12089,14107,16231,18394,20288,22418,24624,27068,29879,32826,35540,38365,40925,43736,45986,48962,51199,53444,56076,58553,60654,63064,65254,67736,69690,71832,73584,0.1127,0.1199,0.1293,0.1499,0.1742,0.1868,0.2117,0.2581,0.3142,0.3756,0.5002,0.6302,0.7518,0.9106,1.0659,1.2515,1.4064,1.5526,1.7401,1.8134,1.9362,2.0766,2.1761,2.2475,2.363,2.4109,2.5639,2.5784,2.6269,2.6947,2.746,2.7669,2.7652,2.8376,2.837,2.9046,2.8984,2.9492,3.0069,3.0482,3.0043,3.053,3.0282,3.0477,3.0543,3.0426
C,Sample X2,2,C,5610,5691,5873,5859,5973,6158,6403,6728,7212,7709,8546,9087,10101,11248,12593,14186,15918,17810,20159,22956,25933,29049,32332,35496,39163,42210,45385,48847,51941,54162,55177,57662,58905,60792,61883,63236,65091,66337,67629,68514,70165,71476,73314,74583,75654,76816,472,533,570,638,720,850,1033,1270,1547,1859,2253,2754,3384,4117,4919,5833,6801,8056,9450,11160,12959,14911,16760,18398,20048,22041,24029,26470,28854,31140,33427,35426,37265,39318,40908,42590,44169,45604,46918,48276,49721,50883,52251,53563,54474,55722,0.1156,0.1227,0.1295,0.1417,0.1586,0.1898,0.2339,0.2976,0.3595,0.4638,0.5992,0.736,0.8718,1.0099,1.1297,1.2706,1.3852,1.4818,1.6227,1.7079,1.8258,1.9409,2.052,2.1375,2.2334,2.306,2.4078,2.4652,2.4809,2.5497,2.5882,2.5983,2.6294,2.6643,2.6542,2.6857,2.6804,2.687,2.7273,2.7603,2.7321,2.8255,2.8188,2.848,2.8236,2.8375
C,Sample X3,3,C,5798,5794,5798,5873,5998,6124,6498,6652,7183,7674,8318,9144,10128,11360,12612,14342,15729,18016,20120,22847,25963,29324,32348,35496,38841,42630,46074,49203,51898,53714,55831,57952,59580,60879,62702,64894,66198,67291,69062,70732,71961,74197,75684,77470,78526,79234,484,531,549,636,713,831,1028,1251,1536,1876,2256,2804,3368,4090,4882,5827,6781,8028,9525,11175,13048,14852,16624,18352,20174,22054,24143,26493,28886,31118,33462,35302,37445,39364,40994,42725,44272,46067,47400,48884,50457,51908,53501,54778,55857,57055,0.1166,0.1271,0.1347,0.1554,0.1667,0.2063,0.2465,0.3144,0.3942,0.5189,0.6628,0.7907,0.9255,1.0629,1.1598,1.3349,1.479,1.5866,1.677,1.823,1.9287,2.048,2.1339,2.2065,2.3156,2.3307,2.4953,2.4947,2.5316,2.589,2.6159,2.6491,2.6543,2.7089,2.699,2.7451,2.73,2.7789,2.7981,2.811,2.7824,2.8723,2.8748,2.8695,2.8505,2.8474
C,Sample X4,4,C,5713,5722,5760,5886,6012,6096,6336,6645,7208,7671,8356,9058,10171,11321,12858,14282,15928,17942,20599,23138,26355,29498,32620,35741,39117,42556,45992,49382,51904,54033,55836,57726,59426,61420,63230,64297,66347,68441,69635,71052,73083,74659,76296,77846,79260,80192,486,518,554,614,712,854,1033,1239,1504,1862,2260,2733,3332,4086,4876,5797,6844,7972,9367,11143,12792,14626,16553,18210,20058,21822,23908,26390,28650,30905,33042,35009,37110,38924,40863,42362,44036,45507,47134,48548,49928,51672,53053,54442,55492,56873,0.1276,0.1373,0.1443,0.1538,0.164,0.1833,0.2185,0.2435,0.2981,0.3638,0.4598,0.5578,0.6871,0.8682,1.0536,1.1645,1.2968,1.4482,1.5663,1.7255,1.8839,1.9896,2.1415,2.2584,2.3439,2.3973,2.4476,2.531,2.5562,2.5913,2.6182,2.6743,2.681,2.7329,2.7147,2.7664,2.7501,2.7737,2.792,2.7826,2.7874,2.832,2.8309,2.8215,2.8538,2.8091
C,Sample X5,5,C,5731,5787,5814,5910,6049,6202,6406,6697,7029,7766,8191,9150,10182,11374,12691,14156,15919,17790,20103,22913,26239,29055,32482,35837,38869,42256,45770,48839,51690,53444,55447,56874,58882,60897,62312,64061,65115,67739,68841,70204,71792,73076,75046,76168,77810,78898,476,514,574,624,724,852,1015,1234,1464,1795,2152,2643,3218,3882,4715,5564,6573,7650,9103,10631,12301,14172,15835,17614,19145,20764,22957,25104,27355,29437,31250,33183,35042,36911,38674,40396,41738,43449,44451,45837,47399,48895,50258,51607,52662,53686,0.12,0.1252,0.136,0.1426,0.1483,0.1644,0.1831,0.2124,0.2425,0.2937,0.3569,0.4407,0.5663,0.712,0.9044,1.0319,1.1656,1.3129,1.4428,1.579,1.7827,1.9025,2.0294,2.1475,2.2189,2.2957,2.3433,2.4231,2.442,2.4794,2.5168,2.5589,2.5848,2.6273,2.627,2.6626,2.6947,2.6936,2.7288,2.7575,2.7377,2.7992,2.8014,2.7754,2.7982,2.7581
C,Sample X6,6,C,5654,5721,5809,5889,6072,6160,6481,6636,7132,7742,8351,9092,10182,11306,12624,14132,16069,17922,20235,23175,26063,28983,32130,35217,38888,41914,45802,48860,51401,53543,55308,56683,58904,60401,61914,63608,64954,66475,68006,69839,71418,72527,74250,75271,76652,78010,487,518,547,610,690,793,957,1157,1364,1630,1984,2387,2854,3482,4192,4932,5826,6714,7938,9284,10862,12364,13796,15295,16649,18282,19918,21917,23742,25635,27285,29032,30486,32145,33656,34864,36267,37296,38625,39923,41035,42056,43491,44484,45653,46488,0.1152,0.1248,0.1327,0.1429,0.1531,0.1668,0.1803,0.2011,0.2261,0.2574,0.3007,0.3569,0.4273,0.5157,0.7024,0.8162,0.9222,1.0331,1.1628,1.3076,1.5733,1.7363,1.8945,2.0064,2.1065,2.2007,2.2175,2.325,2.3615,2.4062,2.4462,2.4944,2.5214,2.5772,2.576,2.6123,2.645,2.6498,2.6872,2.7066,2.7195,2.7501,2.7624,2.7593,2.7766,2.7322
C,Sample X7,7,C,5565,5750,5851,5840,6013,6262,6432,6757,7061,7583,8234,9188,10150,11328,12775,14297,15942,17979,20565,23169,26157,29201,32627,35912,39160,42499,46234,49386,51735,54267,55836,58114,59474,60936,63152,64690,65583,67315,69564,70713,72390,73994,75575,76559,78166,79360,487,493,554,599,691,790,900,1081,1270,1528,1832,2238,2676,3182,3738,4480,5184,6103,7145,8515,9854,11195,12602,13923,15183,16573,18196,19987,21676,23326,24871,26424,27818,29324,30774,32102,32753,34292,35406,36515,37419,38795,39982,40799,41905,42798,0.1121,0.1205,0.1274,0.1364,0.1442,0.1584,0.1788,0.2055,0.2374,0.2857,0.3405,0.4207,0.5061,0.619,0.7656,0.9041,1.011,1.1168,1.2314,1.3684,1.5392,1.7558,1.9105,2.0249,2.104,2.2017,2.2341,2.3218,2.3872,2.4381,2.45,2.5069,2.535,2.5913,2.5823,2.657,2.5498,2.6388,2.6932,2.7108,2.7653,2.7722,2.7938,2.7847,2.816,2.7614
C,Sample X8,8,C,5693,5664,5732,5806,5971,6126,6419,6664,7107,7694,8298,9081,10060,11412,12708,14280,15699,17838,20396,23033,26209,29086,32556,35575,39142,42292,45608,49097,51758,53392,55405,57106,58923,60718,62312,63502,65286,67120,68549,69840,71282,73014,74248,75324,76968,78016,449,490,515,549,616,678,746,863,991,1149,1296,1473,1747,2064,2380,2744,3152,3662,4414,5297,6087,6997,7840,8710,9554,10516,11469,12519,13658,14599,15563,16536,17391,18447,19294,20163,20977,21674,22430,23160,23945,24589,25471,25942,26746,27221,0.1141,0.1202,0.1263,0.1353,0.1451,0.1593,0.1782,0.2019,0.2288,0.2655,0.3112,0.3552,0.4135,0.4891,0.5744,0.6773,0.7821,0.8788,1.0016,1.1113,1.3183,1.5714,1.7519,1.887,1.9947,2.1137,2.167,2.28,2.3356,2.3757,2.4246,2.4802,2.5218,2.5653,2.5993,2.623,2.6461,2.6398,2.6878,2.7111,2.7591,2.7695,2.8081,2.8123,2.8035,2.7493
C,Sample X9,9,C,5669,5684,5845,5876,6034,6168,6445,6622,7010,7631,8258,9089,10172,11210,12739,14091,15678,17792,20324,22888,25724,29060,32168,35468,38901,42346,45995,49185,51408,53822,55736,57470,59139,60929,62932,63967,65453,67386,68934,69998,71304,72649,74943,75358,76837,78075,448,458,483,500,524,550,605,631,686,745,805,899,984,1107,1233,1385,1571,1790,2096,2501,2933,3332,3794,4201,4566,4976,5433,5997,6419,6936,7376,7867,8273,8781,9280,9706,10088,10551,10987,11352,11831,12154,12616,13062,13356,13731,0.1174,0.1214,0.1258,0.1382,0.1454,0.1602,0.1772,0.1999,0.2236,0.2552,0.2985,0.3457,0.4041,0.4811,0.5668,0.6751,0.7633,0.8666,0.9964,1.1046,1.2118,1.4846,1.711,1.8789,1.9791,2.1153,2.1791,2.2948,2.3484,2.3615,2.4126,2.4771,2.5209,2.5635,2.5834,2.639,2.6487,2.6626,2.7045,2.7103,2.7493,2.7724,2.8067,2.8103,2.7757,2.768
C,Sample X10,10,C,5700,5665,5726,5842,5914,6169,6353,6630,6977,7566,8254,8948,9802,11212,12312,13986,15454,17354,19768,22170,25180,28325,31582,34734,38261,41788,45224,48677,51176,53637,55767,57449,59420,61089,63081,64674,66242,68198,69440,71049,72355,73852,75453,76501,77521,79017,422,444,439,451,467,482,510,519,530,559,580,634,662,708,766,834,886,1008,1154,1352,1556,1742,1931,2157,2338,2553,2794,3010,3219,3440,3616,3897,4095,4358,4639,4850,5116,5374,5662,5874,6114,6406,6633,6935,7143,7405,0.1131,0.1198,0.1281,0.1384,0.1472,0.163,0.1773,0.2009,0.2278,0.2579,0.2999,0.3484,0.4219,0.5165,0.631,0.7472,0.8349,0.9271,1.0475,1.1501,1.2415,1.414,1.586,1.7839,1.9409,2.0604,2.1513,2.235,2.3099,2.3506,2.3811,2.4124,2.5014,2.5528,2.5575,2.5798,2.6644,2.6664,2.6743,2.6756,2.7187,2.7872,2.7583,2.8013,2.7694,2.7833
C,Sample X11,11,C,5727,5746,5751,5829,6015,6152,6295,6558,7080,7618,8130,8984,9955,11244,12344,13891,15398,17219,19247,21920,25128,28096,31212,34547,37936,41461,45487,48801,51778,53896,55934,57623,59964,61537,63602,64917,67406,68918,70738,72000,73802,75135,77066,78406,79630,80946,425,413,424,436,450,462,477,474,498,501,523,546,562,584,604,666,699,755,834,930,1059,1166,1295,1427,1552,1658,1781,1925,2030,2182,2311,2466,2603,2734,2953,3116,3285,3502,3674,3814,4028,4207,4422,4615,4785,4985,0.1112,0.1154,0.1192,0.1274,0.1354,0.1464,0.1616,0.1801,0.2098,0.2351,0.2829,0.3282,0.3874,0.4452,0.5189,0.5897,0.6671,0.7571,0.861,0.9575,1.0498,1.2808,1.5658,1.7703,1.9199,2.0443,2.1348,2.2209,2.2991,2.3485,2.3769,2.4293,2.5018,2.5602,2.5542,2.5841,2.6612,2.6458,2.7031,2.7151,2.7651,2.8153,2.8162,2.7991,2.792,2.8086
C,Sample X12,12,C,5630,5629,5701,5710,5892,5995,6251,6532,6941,7192,7866,8697,9725,10730,12127,13773,15368,16979,19496,22138,24850,28408,31552,34846,38868,42513,46454,50098,52754,55505,57698,59929,62018,64439,66924,68838,71154,73110,75771,76900,79240,82046,83824,85613,87639,89410,415,414,420,427,422,428,430,427,457,448,457,471,478,505,497,527,549,593,612,698,773,821,916,978,1060,1126,1244,1300,1401,1476,1592,1679,1790,1928,2034,2181,2306,2502,2626,2838,2958,3168,3325,3485,3652,3872,0.1162,0.1236,0.1289,0.1384,0.1443,0.1568,0.1741,0.1911,0.214,0.2432,0.278,0.3161,0.3654,0.4214,0.49,0.5618,0.625,0.7065,0.7977,0.89,0.9927,1.2789,1.54,1.7224,1.8505,2.0167,2.1136,2.2298,2.3008,2.3807,2.4047,2.4741,2.5326,2.6026,2.5996,2.6432,2.663,2.692,2.7977,2.8346,2.8131,2.8773,2.9056,2.9387,2.937,2.9407
D,Sample X1,1,D,5718,5727,5834,5865,5999,6104,6424,6639,7213,7829,8443,9324,10492,11860,13432,15265,17290,19637,22384,25619,29707,33540,38022,42262,46738,51830,56089,60886,64781,67713,70677,73754,75580,78971,80753,84311,86972,89478,91934,95275,97519,99852,102992,104920,107613,110777,545,574,664,766,887,1108,1339,1682,2122,2640,3215,3963,4901,5966,7250,8605,10095,11743,13663,15824,18316,21050,23923,26517,29019,31507,34095,37287,40730,43857,46668,49747,52921,55778,58976,61670,64407,67069,69764,72498,75266,77764,80124,82214,84941,87600,0.1143,0.1193,0.1284,0.1438,0.1433,0.1592,0.173,0.2028,0.2594,0.3041,0.3799,0.4758,0.5673,0.7013,0.8479,1.0157,1.1655,1.3285,1.505,1.6688,1.8361,1.9396,2.062,2.163,2.2092,2.3107,2.3811,2.4855,2.5162,2.5775,2.6244,2.6911,2.7223,2.7503,2.7765,2.8,2.8275,2.8695,2.9277,2.9262,2.9433,2.9676,2.9522,2.9816,3.024,2.9304
D,Sample X2,2,D,5782,5728,5789,5927,6013,6200,6303,6785,7262,7720,8552,9504,10320,11791,13376,15100,16847,19382,22138,25339,28803,32758,36530,40617,45210,49275,53241,57719,61250,63772,65835,68428,70646,72472,74363,76014,77764,79607,81494,83229,84846,86637,88616,90167,92181,93577,545,584,669,754,917,1115,1374,1698,2110,2606,3250,3991,4776,5827,6985,8256,9580,11091,12962,14852,17177,19540,21803,24108,26212,28193,30454,32774,35342,37814,39960,42542,44523,46489,48657,50739,52688,54114,55648,57156,59094,60556,61979,63532,65058,66442,0.1166,0.121,0.1284,0.1426,0.1754,0.2226,0.2752,0.3393,0.4043,0.4763,0.5778,0.6812,0.8153,0.9556,1.0845,1.2285,1.3408,1.4526,1.5772,1.6934,1.8002,1.9091,2.0341,2.1194,2.2347,2.3213,2.3953,2.4684,2.5026,2.5226,2.5607,2.612,2.6366,2.6563,2.677,2.6883,2.7365,2.7253,2.7631,2.8306,2.8394,2.8419,2.8587,2.9012,2.9242,2.8816
D,Sample X3,3,D,5764,5748,5827,5858,6054,6230,6524,6734,7288,7844,8578,9487,10604,11822,13296,14941,16754,19319,21874,25006,28600,32610,36260,40486,44247,48700,52997,57232,60430,63067,64998,67546,69200,71330,72694,74543,76572,78506,80150,81602,82891,84988,86764,88503,89745,91445,537,594,668,771,890,1114,1386,1691,2134,2604,3238,3887,4773,5807,6963,8182,9542,10996,12732,14688,16932,19124,21444,23778,25606,27566,29522,31947,34362,36402,38448,40758,42760,44564,46518,48198,50056,51358,52813,54154,55803,56991,58344,59947,61232,62298,0.1125,0.1246,0.1399,0.1408,0.1706,0.1806,0.2396,0.2912,0.3829,0.4579,0.5914,0.7205,0.8624,1.0059,1.1196,1.3001,1.439,1.5607,1.7004,1.8168,1.9137,1.9898,2.0595,2.1657,2.2765,2.3774,2.4287,2.493,2.5481,2.5561,2.5609,2.616,2.6702,2.6815,2.6885,2.691,2.7158,2.7634,2.8015,2.8631,2.8579,2.888,2.8586,2.9081,2.8453,2.8399
D,Sample X4,4,D,5686,5701,5810,5851,6150,6227,6461,6846,7346,7837,8627,9449,10709,11904,13529,15372,17203,19710,22522,25880,29269,33616,37620,41875,46037,50285,54886,59614,63056,65314,67571,70129,72119,73897,75470,77757,79868,81625,83090,86195,87684,89732,91412,93025,94854,96209,541,573,655,772,905,1095,1334,1686,2090,2593,3134,3872,4698,5769,6858,8088,9363,10733,12405,14385,16419,18533,20376,22197,23808,25309,26801,28329,29958,31370,32882,34525,35968,37516,38922,40296,41713,43035,44210,45862,47033,48224,49626,50653,51636,52567,0.1147,0.1196,0.1311,0.1427,0.1504,0.159,0.1803,0.2177,0.2727,0.3146,0.3707,0.4539,0.5591,0.687,0.872,0.9924,1.1691,1.3415,1.4838,1.6641,1.8292,1.9966,2.1038,2.2047,2.3291,2.4032,2.4757,2.5197,2.5582,2.5572,2.5693,2.6497,2.6727,2.7034,2.7072,2.7424,2.7608,2.7657,2.8544,2.8316,2.8812,2.8772,2.9117,2.924,2.9209,2.9051
D,Sample X5,5,D,5786,5764,5837,6041,6206,6230,6404,6795,7316,7878,8587,9653,10802,11988,13664,15386,17433,19631,22750,25936,29866,33709,37774,41633,45769,50060,54528,58709,61766,63620,66336,68342,70471,71990,73720,75388,77176,79448,80672,82606,84570,85935,87502,89549,90500,92140,525,574,624,740,900,1064,1316,1616,1962,2428,2903,3587,4330,5219,6134,7173,8113,9242,10485,11875,13306,14659,15627,16717,17489,18244,18862,19681,20379,21008,21845,22482,23357,24141,25159,25910,26751,27432,28452,29136,29822,30738,31544,32292,33038,33702,0.1116,0.1174,0.1242,0.1332,0.143,0.1586,0.1811,0.2129,0.2572,0.3693,0.4831,0.55,0.6834,0.8371,1.0229,1.1431,1.2366,1.3627,1.4506,1.5832,1.7636,1.8546,1.9586,2.0822,2.2024,2.2889,2.3774,2.4487,2.4745,2.5018,2.5221,2.5766,2.5887,2.634,2.6341,2.6819,2.6991,2.6801,2.7841,2.7946,2.812,2.8185,2.8125,2.8502,2.8266,2.7888
D,Sample X6,6,D,5655,5674,5741,5908,5968,6208,6474,6770,7238,7941,8677,9569,10653,12026,13686,15315,17376,19434,22081,25410,28910,32650,36473,39861,43646,47705,51800,55079,57706,59925,62220,64010,65806,68032,69459,71257,73334,74939,76722,78649,80369,82128,83798,85214,86146,87794,511,534,600,679,782,929,1066,1300,1546,1884,2233,2660,3155,3648,4158,4770,5286,5755,6438,7129,7857,8447,8792,9206,9546,9792,10021,10390,10674,10883,11220,11667,11923,12311,12890,13235,13784,14221,14738,15194,15586,16157,16519,16961,17473,17867,0.1134,0.1182,0.1242,0.1331,0.1408,0.1568,0.1688,0.1938,0.2249,0.2616,0.3164,0.3671,0.4411,0.5352,0.7408,0.8756,0.9857,1.1172,1.2203,1.3653,1.5954,1.7098,1.8399,1.9986,2.1095,2.1859,2.2744,2.3537,2.4016,2.426,2.4694,2.4998,2.5604,2.5736,2.6037,2.6625,2.6784,2.6819,2.7857,2.7909,2.8441,2.8267,2.8635,2.8641,2.8291,2.8123
D,Sample X7,7,D,5705,5840,5819,5984,6055,6141,6572,6865,7212,7840,8504,9396,10544,11886,13426,15033,16736,18967,21550,24526,28009,31659,34859,38616,42264,46188,49826,53347,56385,58298,60360,62576,64322,66282,68568,70385,72253,74587,76128,77552,79685,81539,82892,84852,86354,87956,495,520,588,636,711,811,930,1066,1265,1471,1716,1984,2369,2680,2990,3329,3666,4032,4509,4921,5412,5777,6069,6303,6527,6788,6851,7099,7284,7442,7692,7964,8170,8441,8800,9070,9486,9791,10073,10547,10884,11277,11662,12012,12328,12694,0.114,0.1219,0.127,0.1394,0.1514,0.1541,0.1714,0.1893,0.2025,0.2302,0.2617,0.2936,0.3369,0.3928,0.5083,0.7922,0.9863,1.1663,1.3049,1.4553,1.633,1.7615,1.8813,2.012,2.1019,2.1937,2.2785,2.3484,2.3806,2.4071,2.4534,2.4813,2.5457,2.5586,2.5876,2.6171,2.6635,2.6804,2.7123,2.769,2.7914,2.7879,2.8394,2.8605,2.8679,2.845
D,Sample X8,8,D,5775,5723,5929,5991,6128,6229,6459,6730,7151,7773,8478,9365,10386,11618,13180,14738,16204,18260,20881,23701,26957,29747,33245,36643,40045,43339,47108,50427,52283,54299,56258,58089,60041,62120,63754,65600,67132,68865,70849,71898,73634,75325,76938,77983,78787,80188,437,458,476,490,518,546,577,609,640,719,784,842,933,995,1098,1152,1272,1344,1454,1608,1721,1807,1924,1956,2062,2132,2164,2244,2306,2370,2444,2494,2592,2686,2807,2917,3075,3185,3382,3473,3643,3813,3918,4083,4218,4390,0.1142,0.1199,0.1245,0.1333,0.1414,0.1541,0.1726,0.1883,0.2137,0.248,0.2946,0.3448,0.4102,0.4857,0.5669,0.6463,0.7089,0.7999,0.9044,1.001,1.1357,1.386,1.6005,1.7919,1.9273,2.0634,2.1674,2.2447,2.2909,2.3363,2.3735,2.4275,2.4832,2.492,2.5221,2.5539,2.6187,2.6098,2.6531,2.703,2.7349,2.7143,2.7768,2.7487,2.7905,2.7692
D,Sample X9,9,D,5683,5725,5761,5835,5951,6157,6434,6636,7054,7738,8276,9119,9968,11222,12551,14093,15388,17035,19358,22128,24765,27589,30664,33497,37138,40192,44070,47174,50046,51845,53667,55937,57365,59473,60786,62130,63944,65994,67410,69118,70227,71942,73775,74871,75750,77050,411,407,410,416,426,443,431,437,455,465,467,497,504,538,560,595,600,631,654,690,753,764,823,868,911,933,948,983,1022,1042,1079,1114,1145,1174,1230,1242,1332,1385,1444,1511,1578,1617,1690,1763,1816,1881,0.112,0.1183,0.1234,0.1351,0.139,0.151,0.1639,0.1829,0.2034,0.232,0.2741,0.3152,0.3724,0.4399,0.5205,0.5829,0.6358,0.7156,0.817,0.9155,1.0366,1.1365,1.2785,1.4843,1.6515,1.8544,2.0193,2.1305,2.2097,2.2584,2.3255,2.3677,2.4148,2.4336,2.4713,2.4958,2.5831,2.5884,2.5922,2.605,2.6469,2.642,2.6688,2.7159,2.7397,2.7423
D,Sample X10,10,D,5642,5799,5710,5832,5988,6115,6297,6580,7052,7590,8117,8847,9660,10806,11960,13558,14940,16425,18229,20466,22996,25660,28668,31711,34642,37666,40954,44669,47878,51052,53260,54924,56958,58292,60360,61806,63878,65348,67436,69098,70265,71996,73200,75117,76348,78186,400,416,398,414,405,400,403,414,416,427,426,440,444,434,456,479,484,502,522,553,574,592,622,653,692,710,734,748,762,804,823,828,858,887,897,939,985,992,1027,1038,1093,1102,1124,1170,1206,1240,0.1289,0.3178,0.397,0.4473,0.5224,0.5569,0.5855,0.641,0.6628,0.7378,0.8028,0.8536,0.9223,1.031,1.0903,1.0461,1.1337,1.2178,1.2993,1.4074,1.4396,1.57,1.7825,2.1496,2.3427,2.5296,2.6906,2.8414,2.9302,3.015,3.0861,3.123,3.1966,3.2094,3.264,3.2943,3.3932,3.4221,3.4638,3.5424,3.5003,3.5153,3.5496,3.5581,3.5748,3.622
D,Sample X11,11,D,5700,5703,5685,5836,5825,6071,6235,6552,6857,7354,7806,8619,9476,10414,11573,12955,14312,15882,17404,19590,21845,24278,27157,29779,32734,35088,38567,41376,44380,47744,50575,52660,53994,55244,57130,58815,60813,61735,63410,65149,66456,68188,69692,71384,72252,73455,397,401,395,406,389,413,411,398,410,420,425,417,407,424,423,439,466,465,480,502,522,544,558,580,604,620,649,668,679,706,729,759,791,789,796,822,829,864,856,885,917,935,925,946,966,985,0.1171,0.2936,0.3777,0.4328,0.4867,0.5423,0.5971,0.6364,0.6915,0.7433,0.7603,0.7697,0.8536,0.9396,0.9964,1.0928,1.1877,1.2828,1.3187,1.3931,1.5042,1.6353,1.7598,2.011,2.1096,2.286,2.4228,2.5219,2.6341,2.7502,2.8205,2.8353,2.9338,2.8979,2.9148,2.9177,2.9749,2.96,3.0503,3.0257,3.0283,3.0511,3.0789,3.1263,3.1496,3.1221
D,Sample X12,12,D,5626,5748,5746,5803,5985,6032,6224,6472,6899,7371,7860,8442,9405,10056,11525,12850,14304,15637,17301,19272,21415,23802,26575,28980,32143,34557,37804,41105,44259,47611,50406,52915,55116,56773,58902,59844,61782,64126,65629,67240,69550,71430,72396,74356,75976,77584,400,400,394,400,390,388,394,415,413,414,426,414,410,415,407,426,429,449,466,471,488,506,519,552,575,592,610,628,660,670,704,703,744,745,789,787,801,810,826,846,866,866,875,893,910,938,0.1166,0.1218,0.1278,0.1378,0.1435,0.1576,0.1709,0.1904,0.2081,0.2384,0.2713,0.3062,0.3459,0.3997,0.4642,0.5451,0.5985,0.6719,0.7666,0.8551,0.9858,1.1721,1.4324,1.6391,1.7715,1.9323,2.03,2.1765,2.2747,2.3856,2.407,2.4609,2.5179,2.5436,2.574,2.5715,2.6017,2.6057,2.6638,2.6927,2.6474,2.7026,2.7301,2.7505,2.7721,2.7383
E,Sample X1,1,E,5628,5657,5839,5882,6093,6224,6426,6708,7259,7658,8510,9459,10596,11890,13539,15275,17418,19645,22352,25662,29572,33552,38188,42731,46526,51519,56529,61024,65157,68416,71381,74044,76891,79579,82304,85369,87701,90082,92772,94512,97360,100476,102611,105400,107536,110713,520,586,642,755,902,1098,1349,1689,2121,2597,3270,3984,4906,6004,7204,8716,10052,11755,13559,15795,18366,21127,23856,26590,28982,31427,34249,37111,40410,43607,46573,49859,52847,55855,58872,61652,64212,67333,69608,72313,74716,77579,80079,82796,85125,87564,0.1111,0.116,0.1216,0.1329,0.1412,0.1549,0.1696,0.1984,0.2383,0.2862,0.3571,0.4442,0.5325,0.6595,0.7915,0.9491,1.1134,1.2787,1.4541,1.6241,1.7841,1.9099,2.0638,2.1811,2.2245,2.3538,2.4065,2.4763,2.5094,2.5746,2.633,2.693,2.6978,2.7161,2.7415,2.7887,2.7969,2.8478,2.9303,2.9688,2.9284,3.0278,3.0509,3.0442,3.1038,3.0416
E,Sample X2,2,E,5699,5756,5862,5946,6014,6214,6497,6804,7168,7723,8427,9364,10376,11853,13459,15095,17048,19146,21896,25145,28883,32950,36784,40973,45289,49231,53872,58576,62149,64884,67107,69553,71498,73336,75298,77491,79654,81289,83358,84871,86546,88803,90378,92673,93864,96168,527,592,655,768,904,1114,1338,1681,2129,2583,3204,3908,4771,5805,6991,8318,9668,11223,12955,15186,17398,19905,22389,24718,27015,29175,31406,33948,36576,39101,41488,43730,46140,48261,50595,52742,54476,56587,58230,60145,61448,63098,65239,66639,68042,69785,0.1107,0.1184,0.1196,0.1271,0.1382,0.1539,0.1759,0.2178,0.2484,0.3138,0.4162,0.5274,0.6735,0.8369,0.985,1.1439,1.283,1.4128,1.5578,1.6914,1.7966,1.9041,2.0198,2.1072,2.2169,2.3179,2.4223,2.4666,2.5001,2.544,2.5787,2.5865,2.6364,2.6476,2.6789,2.727,2.766,2.7362,2.7742,2.8638,2.8931,2.9052,2.9357,2.9513,2.9829,2.9646
E,Sample X3,3,E,5682,5690,5910,5944,5986,6222,6331,6688,7140,7772,8370,9334,10454,11808,13442,15246,17148,19136,22056,25205,28744,32958,36922,40811,44957,48926,53678,57581,61282,64120,66130,68732,70900,72536,74452,77174,78566,80261,82581,84064,85806,88035,89772,91349,92859,94938,514,576,672,764,935,1082,1360,1691,2112,2591,3181,3887,4734,5808,7021,8227,9673,11154,12920,14978,17249,19714,22080,24309,26482,28517,30411,32866,35303,37627,39300,41885,44104,45956,47881,49860,51556,53470,55303,57019,58324,59967,61576,63072,64355,65604,0.1112,0.1219,0.1327,0.1471,0.1578,0.1792,0.1977,0.2408,0.3128,0.4161,0.5454,0.6839,0.8146,0.9575,1.0933,1.2466,1.3869,1.5141,1.6536,1.7805,1.8812,1.9603,2.0756,2.1666,2.2486,2.3618,2.4531,2.5158,2.5644,2.5748,2.6003,2.6278,2.7068,2.724,2.724,2.7251,2.7699,2.7705,2.8062,2.8523,2.8819,2.9291,2.8994,2.9222,2.9417,2.9355
E,Sample X4,4,E,5650,5664,5866,5843,6068,6144,6543,6765,7217,7716,8584,9490,10679,11780,13417,15381,17206,19645,22383,25767,29599,33545,37437,41760,46104,50572,55140,59629,63237,65734,68432,71041,72888,74530,76248,78284,80476,82352,83660,85431,87720,88998,90594,93142,94323,96160,520,581,642,749,893,1087,1320,1680,2051,2537,3118,3844,4656,5635,6772,8030,9358,10700,12324,14016,16208,18318,20445,22090,23990,25506,26935,28404,30065,31658,33346,34704,36249,37835,39316,40751,42185,43612,45017,46302,47486,48450,50115,50982,52226,53228,0.1171,0.1273,0.1416,0.1463,0.1542,0.1782,0.1938,0.214,0.2699,0.3328,0.436,0.5501,0.6967,0.8522,1.0208,1.19,1.3384,1.4522,1.5454,1.6509,1.8092,1.9548,2.075,2.1843,2.3012,2.3824,2.4879,2.5459,2.5734,2.6008,2.6017,2.6742,2.6773,2.7029,2.7177,2.7217,2.7679,2.8092,2.8133,2.8431,2.9065,2.9078,2.92,2.9106,2.9235,2.9368
E,Sample X5,5,E,5777,5739,5705,5871,6015,6258,6519,6700,7273,7888,8718,9616,10581,11945,13785,15373,17630,19781,22704,25800,29771,34047,38069,42334,46244,50571,54948,59141,62496,64890,66953,69379,71298,73668,75264,77347,79298,81400,83628,84409,86433,87900,89741,90842,92970,94440,520,578,640,737,855,1043,1265,1566,1942,2405,2954,3560,4280,5175,6194,7156,8158,9362,10596,11974,13598,14986,16186,17306,18159,18884,19741,20400,21159,22062,22731,23740,24588,25569,26496,27412,28299,29250,30090,30786,31741,32603,33558,34151,35024,35815,0.1139,0.1215,0.1262,0.1385,0.147,0.163,0.1837,0.2089,0.241,0.2827,0.3427,0.4359,0.5603,0.7118,0.8797,1.066,1.1951,1.3389,1.4445,1.534,1.6697,1.8549,1.9677,2.145,2.2176,2.3256,2.4251,2.4906,2.51,2.5286,2.5446,2.6364,2.6532,2.7086,2.7098,2.7105,2.7624,2.8377,2.8158,2.8811,2.9294,2.941,2.9177,2.9065,2.9102,2.9106
E,Sample X6,6,E,5656,5820,5782,5907,6042,6294,6537,6790,7268,7770,8479,9593,10640,12037,13646,15381,17339,19333,22308,25589,29036,32940,36502,40310,44206,48256,52440,55570,58939,61007,62989,65433,67195,69647,71700,73863,75313,77824,78548,81248,82552,84507,86006,87656,88981,90090,512,536,599,683,772,909,1078,1297,1572,1892,2277,2673,3136,3658,4225,4796,5326,5856,6537,7363,8040,8652,9114,9514,9944,10217,10541,10862,11138,11472,11832,12234,12631,13244,13582,14148,14663,15168,15401,16056,16664,17148,17699,18088,18585,18959,0.113,0.1183,0.124,0.1323,0.141,0.1553,0.1716,0.1937,0.224,0.2543,0.3011,0.3476,0.4145,0.506,0.6641,0.8112,0.9407,1.0461,1.1693,1.2774,1.4765,1.6834,1.8352,2.0118,2.1164,2.2208,2.3112,2.3868,2.4486,2.4878,2.5115,2.5507,2.5978,2.6249,2.6918,2.6973,2.7098,2.7621,2.6323,2.8162,2.8676,2.9047,2.8694,2.9113,2.8448,2.868
E,Sample X7,7,E,5759,5722,5936,6001,5942,6226,6340,6875,7213,7973,8556,9594,10605,11854,13374,15248,16939,19022,21628,24854,28136,31949,35263,39156,42876,47022,50946,54524,56767,59231,60906,62680,64732,67175,68825,70874,72804,74552,76306,77849,79478,81506,83316,84306,85786,87567,491,543,573,624,726,807,926,1094,1268,1464,1751,2080,2416,2699,3100,3430,3765,4148,4558,5084,5583,5919,6271,6553,6808,6930,7170,7305,7603,7813,8011,8108,8505,8885,9185,9555,9950,10337,10761,11143,11459,11778,12199,12508,12889,13199,0.1151,0.1183,0.1263,0.1361,0.1438,0.1593,0.1753,0.1972,0.2259,0.2615,0.3119,0.3694,0.428,0.514,0.6381,0.7784,0.9122,1.0165,1.1341,1.247,1.3911,1.5898,1.7573,1.9412,2.0638,2.16,2.2385,2.3258,2.3616,2.4131,2.4794,2.3629,2.5576,2.5633,2.6287,2.6703,2.6878,2.7124,2.7647,2.749,2.793,2.8367,2.818,2.8619,2.8383,2.8338
E,Sample X8,8,E,5644,5762,5754,5839,5956,6160,6468,6680,7254,7781,8462,9247,10296,11726,13012,14615,16487,18415,20620,23802,26810,30478,33568,37290,41089,44229,48048,51485,54180,56549,58073,60045,62274,64127,65941,68103,69393,71842,73866,75406,77625,79189,80855,82936,84337,86270,442,452,478,497,516,528,569,599,656,691,775,846,928,1017,1124,1185,1284,1374,1502,1652,1770,1874,1986,2073,2140,2196,2274,2344,2418,2502,2550,2626,2770,2859,2978,3160,3295,3468,3633,3803,4020,4129,4373,4546,4787,4891,0.1133,0.1191,0.1238,0.1305,0.1379,0.1459,0.1589,0.1771,0.1989,0.2274,0.2671,0.299,0.3693,0.4378,0.5176,0.6009,0.6754,0.7555,0.8541,0.955,1.0767,1.3305,1.6016,1.8203,1.9432,2.0825,2.168,2.2642,2.2865,2.3348,2.4008,2.4584,2.6667,2.6291,2.6341,2.6735,2.6256,2.6628,2.705,2.7894,2.8117,2.8875,2.8527,2.8878,2.9046,2.8985
E,Sample X9,9,E,5661,5646,5825,5844,6034,6254,6372,6636,7088,7568,8298,9044,9965,11163,12333,14133,15634,17567,19341,21798,24445,27581,30668,33930,36936,40228,43655,47290,50432,52440,54660,56386,58415,60393,61863,63799,65355,66866,68520,69979,71532,72844,74820,76262,77956,78920,417,429,418,431,420,434,462,438,454,457,469,498,514,544,571,580,608,636,687,706,766,800,838,880,919,956,994,1010,1035,1072,1103,1140,1170,1205,1266,1294,1313,1392,1434,1526,1577,1649,1702,1737,1837,1883,0.1131,0.118,0.1226,0.1307,0.1361,0.1487,0.1622,0.1785,0.2027,0.2292,0.2636,0.3023,0.3582,0.4184,0.4842,0.5507,0.5997,0.6656,0.7415,0.8194,0.9193,1.0109,1.1864,1.4669,1.6868,1.8885,2.0343,2.1413,2.1906,2.2427,2.3085,2.3567,2.4289,2.4416,2.4539,2.4941,2.5222,2.5145,2.5331,2.5407,2.5537,2.5898,2.6217,2.631,2.6938,2.6929
E,Sample X10,10,E,5506,5590,5723,5732,6036,6050,6253,6562,7004,7368,7914,8807,9794,10746,11962,13345,15108,16539,18298,20317,23094,25626,28974,31587,34901,38430,41478,45327,48830,52127,54306,56459,58250,60520,61822,64085,65788,67941,69948,71305,73160,74562,76653,78396,80087,82174,395,401,398,402,399,401,384,411,428,414,419,419,430,445,454,464,491,491,538,542,563,604,610,646,680,714,732,761,809,809,836,856,884,905,958,957,1003,1018,1056,1082,1115,1144,1162,1210,1265,1273,0.6785,0.7932,0.5455,0.632,0.6671,0.7761,0.846,0.9694,1.0182,1.0788,1.1338,1.1724,1.2291,0.4948,0.6167,0.7191,0.7774,0.8692,0.9627,1.0693,1.0966,1.2045,1.453,1.795,2.0394,2.2557,2.4518,2.63,2.7412,2.8169,2.939,3.0038,2.9463,2.9609,3.0553,3.0959,3.1364,3.1357,3.214,3.2914,3.2977,3.3376,3.3458,3.4396,3.5848,3.5706
E,Sample X11,11,E,5614,5570,5750,5737,5877,5983,6310,6535,6866,7276,7920,8664,9349,10431,11825,13234,14879,16287,18049,20106,22661,25430,28011,31310,34311,37276,40670,44289,48167,51967,54995,56190,59014,61064,62886,65322,67076,69559,71190,73149,75134,76452,78694,80510,82301,84255,396,394,394,393,404,416,401,406,417,410,406,412,416,426,443,442,460,480,476,502,517,556,574,582,621,634,662,679,710,742,750,777,783,818,833,875,897,882,909,953,967,960,1010,1024,1036,1076,0.5779,0.6922,0.7071,0.7699,0.8603,0.6083,0.651,0.6777,0.5977,0.5753,0.6422,0.7028,0.7632,0.852,0.8406,0.9837,1.1382,1.2006,1.3485,1.4918,1.7161,1.9088,2.1077,2.2749,2.3639,2.2957,2.4567,2.6172,2.6957,2.7749,2.8715,2.9637,3.0106,3.0478,3.1228,3.0847,3.1401,3.3063,3.2799,3.2822,3.3724,3.356,3.3509,3.4033,3.4021,3.4313
E,Sample X12,12,E,5670,5645,5702,5790,5895,6144,6274,6482,6844,7372,7916,8569,9373,10372,11421,12847,14494,15903,17481,19443,21685,24068,26760,29515,32470,35262,38564,41796,45436,48988,51763,54228,55947,57954,60426,61944,64200,65834,67546,69235,71399,73371,74764,77237,78616,80644,390,389,393,391,420,394,417,403,395,388,404,409,410,428,410,428,447,450,462,479,490,527,523,550,575,601,623,644,661,666,699,730,735,776,778,776,799,815,840,868,860,876,904,928,917,957,0.1152,0.1193,0.1236,0.132,0.1365,0.1461,0.1563,0.1728,0.191,0.2132,0.2461,0.2786,0.319,0.366,0.4282,0.4947,0.5567,0.6277,0.7135,0.8172,0.9525,1.2179,1.4491,1.6374,1.7782,1.9322,2.0536,2.2197,2.2736,2.3894,2.4165,2.4879,2.5124,2.558,2.5566,2.5875,2.6209,2.6547,2.653,2.6712,2.6864,2.7005,2.7201,2.7639,2.8017,2.7745
F,Sample X1,1,F,5664,5651,5651,5884,6040,6168,6381,6762,7206,7836,8500,9526,10582,12042,13500,15260,17200,19570,22173,25417,28869,32757,36706,40190,44082,48551,52716,55797,58658,60827,63224,65442,67449,69393,71578,73580,75695,77676,80166,82062,83951,86019,87849,90391,92404,94309,465,514,565,660,739,893,1094,1339,1667,2022,2484,3018,3669,4515,5402,6353,7421,8530,9881,11358,12899,14297,15756,17060,18365,19905,21668,23514,25240,26826,28382,29908,31292,32889,34135,35442,36829,38022,39302,40474,41498,42634,43926,45079,46498,47449,0.1129,0.122,0.1291,0.1378,0.1491,0.1708,0.1883,0.2586,0.287,0.3296,0.389,0.4791,0.5976,0.7582,0.9267,1.1196,1.2997,1.4802,1.6633,1.8093,1.948,2.0776,2.2519,2.3569,2.4638,2.5701,2.618,2.7033,2.7594,2.7919,2.84,2.9267,2.9626,3.0119,3.1066,3.1637,3.1621,3.182,3.2497,3.2761,3.3369,3.3259,3.3832,3.3469,3.3523,3.3773
F,Sample X2,2,F,5733,5684,5774,5990,6070,6294,6394,6858,7158,7867,8645,9466,10494,11814,13290,14846,16704,18920,21741,24597,28032,31241,34834,38218,42065,45634,49314,52164,54838,56668,58289,59716,61906,63442,64845,66271,67071,68914,69633,71286,72327,73599,74796,76154,77168,78573,483,516,585,650,744,897,1123,1354,1661,2054,2471,2987,3593,4360,5178,6084,7088,8092,9370,10746,12108,13432,14552,15876,16923,18230,19696,21344,22826,24322,25491,26743,27900,28888,29834,30682,31492,32368,32966,33664,34476,34938,35613,36264,36900,37468,0.1131,0.1195,0.1262,0.1465,0.1647,0.2055,0.2436,0.2907,0.3829,0.487,0.6114,0.7335,0.8564,0.9908,1.1194,1.2555,1.4115,1.5263,1.6529,1.7407,1.837,1.9113,2.0251,2.1153,2.2068,2.3063,2.3447,2.4001,2.4348,2.4835,2.4978,2.5558,2.5549,2.5942,2.6068,2.6022,2.6433,2.6313,2.6657,2.7284,2.7321,2.8147,2.8699,2.9453,2.9435,2.9272
F,Sample X3,3,F,5740,5735,5927,5822,5980,6206,6518,6894,7339,7808,8608,9537,10584,11937,13298,14871,16467,18678,21296,24260,27591,30577,34129,37860,41480,44538,48388,51468,53278,55454,57398,58612,59693,61376,63322,64727,65559,67085,68067,69480,70276,71221,72564,73666,74721,75944,479,506,592,652,778,918,1124,1347,1665,2010,2468,2954,3532,4245,5133,5968,6940,7945,9155,10462,11853,13071,14327,15352,16564,17766,19256,20798,22237,23552,24664,25868,26906,27664,28658,29454,30357,31012,31828,32310,32722,33494,33850,34493,35075,35856,0.113,0.1201,0.1314,0.1465,0.1569,0.1713,0.2112,0.2341,0.2863,0.3647,0.5126,0.6546,0.8009,0.9632,1.1169,1.262,1.3529,1.4693,1.5759,1.7359,1.8785,1.9896,2.0986,2.1851,2.2828,2.3574,2.4261,2.4614,2.5089,2.5472,2.5541,2.5926,2.6153,2.6499,2.658,2.6818,2.7169,2.7368,2.7257,2.7724,2.8296,2.8609,2.8423,2.8772,2.8984,2.8609
F,Sample X4,4,F,5677,5818,5717,5945,6069,6259,6405,6804,7255,7804,8649,9456,10599,11893,13445,14932,16771,18738,21554,24524,27544,31157,34154,37582,41458,45159,48500,51708,53822,56045,57149,59289,60192,61941,63473,64497,65955,67602,68649,69859,70563,71601,73240,74089,75830,76446,462,524,569,652,757,909,1103,1358,1634,1983,2416,2896,3522,4249,5057,5922,6823,7794,9007,10379,11673,12882,13986,15048,16262,17351,18811,20268,21560,22838,23979,25092,26009,27075,27992,28687,29415,30143,30839,31456,32013,32681,33143,33858,34260,35016,0.1145,0.123,0.1292,0.1431,0.1538,0.17,0.1945,0.2223,0.2651,0.3294,0.4289,0.5371,0.6408,0.8142,0.9694,1.0946,1.1822,1.2793,1.3799,1.4919,1.6209,1.8081,1.9735,2.128,2.2505,2.3288,2.4017,2.4432,2.4916,2.5414,2.5681,2.5693,2.5989,2.6545,2.6677,2.682,2.7443,2.7067,2.7437,2.785,2.8158,2.8151,2.8083,2.8641,2.8311,2.8273
F,Sample X5,5,F,5643,5683,5822,5872,5954,6218,6436,6850,7195,7797,8520,9433,10454,11809,13266,14776,16569,18517,21226,24036,27189,30431,34026,37428,40868,44646,48438,50979,53091,54789,56961,58648,59769,61521,62573,64131,65566,66530,68206,69198,70062,71104,72170,73436,74890,75926,466,520,577,642,742,884,1058,1260,1552,1864,2271,2738,3270,3925,4717,5517,6283,7184,8200,9385,10550,11670,12649,13580,14683,15647,16742,17958,19025,19997,21000,21895,22832,23581,24305,24990,25640,26328,26824,27354,27702,28254,28854,29245,29820,30268,0.1144,0.12,0.1285,0.1407,0.1497,0.1671,0.1875,0.2136,0.2453,0.2881,0.3348,0.394,0.4739,0.5813,0.7254,0.8283,0.9636,1.082,1.2025,1.317,1.4475,1.605,1.7308,1.9025,2.055,2.1752,2.2727,2.3176,2.3602,2.4039,2.4381,2.4845,2.5095,2.5608,2.5832,2.6051,2.6151,2.6521,2.6657,2.6787,2.6994,2.7272,2.7328,2.7816,2.7516,2.7299
F,Sample X6,6,F,5695,5752,5838,5818,5922,6178,6519,6701,7207,7824,8540,9406,10491,11668,13156,14670,16645,18567,21203,24177,27230,30476,33591,36992,40614,44275,47906,50510,52954,54767,56110,58013,59607,61220,62458,63910,65047,66296,67540,69074,69731,71561,72520,73235,74498,75347,442,484,545,616,708,821,938,1141,1323,1608,1880,2165,2599,3080,3518,4134,4692,5348,6106,6925,7650,8353,8991,9666,10262,10777,11419,12110,12685,13258,13856,14264,14892,15266,15820,16246,16548,17041,17414,17711,17992,18266,18740,19049,19263,19695,0.1108,0.1197,0.1287,0.1382,0.1491,0.1688,0.1906,0.2293,0.2703,0.3283,0.4325,0.5309,0.641,0.763,0.9021,0.9881,1.0843,1.1882,1.2922,1.4144,1.5436,1.7105,1.8493,1.9894,2.1205,2.2196,2.2979,2.3252,2.3744,2.4249,2.4541,2.4815,2.5226,2.5524,2.5762,2.6355,2.6205,2.6672,2.703,2.6743,2.6976,2.7525,2.7631,2.8093,2.7829,2.7603
F,Sample X7,7,F,5564,5719,5859,5883,5989,6200,6417,6756,7298,7792,8560,9456,10394,11712,13109,14529,16322,18581,20783,23856,26681,30048,33575,36921,40381,44160,47340,50446,52184,54014,56233,57666,58960,60471,62047,63430,64979,66423,67115,68449,69188,70552,71847,72784,73993,75680,451,479,512,588,662,747,869,1019,1154,1324,1554,1814,2111,2439,2844,3204,3628,4160,4715,5268,5886,6415,6909,7239,7708,8108,8589,9051,9383,9748,10138,10484,10933,11149,11513,11797,12017,12419,12703,12890,13152,13372,13693,13847,14138,14352,0.1131,0.1221,0.1269,0.1381,0.1445,0.1584,0.1733,0.1952,0.2253,0.262,0.3117,0.3664,0.4501,0.5413,0.6526,0.7665,0.8992,1.0081,1.1143,1.2238,1.3225,1.4594,1.6186,1.8031,1.9928,2.0911,2.2279,2.2735,2.3356,2.3971,2.4155,2.4664,2.5139,2.5426,2.5624,2.6157,2.5709,2.6766,2.7059,2.6842,2.693,2.7401,2.7949,2.7598,2.7939,2.7976
F,Sample X8,8,F,5683,5673,5862,5880,6117,6242,6392,6730,7175,7762,8546,9244,10190,11405,12926,14450,15830,17973,20274,22917,25840,28904,32238,35432,38758,42030,45452,48440,50466,51952,53508,54986,56730,58151,59581,61192,62332,62972,64759,66072,66682,68061,69101,69844,71385,72186,430,447,465,491,518,530,574,577,644,686,720,798,850,921,990,1092,1184,1304,1426,1593,1748,1892,2006,2122,2232,2292,2355,2524,2590,2683,2809,2880,2936,3050,3136,3170,3254,3351,3456,3516,3596,3675,3717,3803,3915,4017,0.1132,0.1221,0.1278,0.1379,0.1483,0.1651,0.1807,0.2058,0.2349,0.2743,0.3201,0.3641,0.4322,0.5067,0.5871,0.6789,0.7786,0.8985,1.0191,1.1184,1.2105,1.3438,1.4651,1.6036,1.7765,1.8898,2.0124,2.094,2.1396,2.2255,2.224,2.3205,2.3245,2.4091,2.3872,2.5006,2.5433,2.5274,2.5748,2.5697,2.6007,2.6298,2.6833,2.6792,2.7177,2.705
F,Sample X9,9,F,5595,5704,5797,5883,6007,6212,6374,6678,7107,7527,8348,9150,10116,11476,12596,14008,15826,17548,19833,22456,25104,28245,31658,34312,37915,41139,44808,47908,50062,52525,53827,55585,57113,58648,59882,61163,62480,63836,64967,66218,67346,68209,69558,70300,71310,72332,394,404,397,410,416,422,419,427,430,436,455,456,453,491,489,512,546,560,587,625,648,705,758,804,822,846,902,946,982,998,1040,1076,1089,1116,1147,1174,1201,1212,1253,1259,1280,1285,1310,1347,1364,1368,0.1146,0.1212,0.1283,0.1364,0.1471,0.1617,0.179,0.1971,0.2186,0.2461,0.2853,0.3232,0.3761,0.4407,0.514,0.5771,0.6258,0.6948,0.7908,0.8827,0.9927,1.1105,1.2148,1.327,1.4711,1.5689,1.6757,1.75,1.789,1.8317,1.8545,1.8988,1.9341,1.9409,1.9543,1.9944,1.982,2.0043,2.0749,2.0532,2.091,2.1589,2.3011,2.3356,2.404,2.43
F,Sample X10,10,F,5694,5758,5758,5856,5920,6197,6469,6630,7058,7519,8084,8915,9905,10986,12499,13916,15610,17434,19558,21997,25089,27947,31045,34477,37658,41064,44644,48178,51971,54859,56487,58411,60395,61536,63456,64641,66138,66882,68365,70015,70774,71459,72796,73756,75044,75749,387,389,388,386,386,388,384,396,407,395,406,407,410,412,431,454,462,473,503,534,538,588,620,638,687,708,746,782,812,845,888,906,929,944,976,1013,1025,1039,1044,1074,1072,1081,1083,1096,1139,1140,0.111,0.1173,0.1233,0.1309,0.1371,0.1502,0.1633,0.1815,0.205,0.2336,0.2736,0.3139,0.3652,0.4213,0.4869,0.5431,0.5829,0.6418,0.7236,0.8041,0.9077,1.034,1.1711,1.313,1.4716,1.5967,1.716,1.8229,1.8631,1.9334,1.9197,2.0057,1.9785,2.0162,1.968,2.0296,2.0056,2.0166,2.1,2.0445,2.0795,2.0969,2.1729,2.1789,2.3097,2.3297
F,Sample X11,11,F,5769,5706,5678,5908,5966,6071,6412,6594,7090,7543,8193,8833,9796,11004,12415,13969,15590,17621,19644,21748,24589,27681,30959,34403,37891,41494,44927,49150,52516,56513,59614,61956,63764,65566,66992,68478,69616,70730,72401,73601,74851,76320,76826,77313,78291,79164,397,406,394,395,396,393,409,410,400,405,393,415,421,435,432,439,460,458,493,524,539,565,585,614,654,696,724,749,780,818,851,884,940,947,953,978,1025,1045,1044,1082,1096,1100,1096,1132,1134,1127,0.1135,0.1223,0.1238,0.1318,0.1394,0.1484,0.1595,0.1762,0.196,0.2252,0.2558,0.2863,0.3353,0.3893,0.4554,0.5182,0.5605,0.6219,0.7034,0.7949,0.9113,1.0754,1.2311,1.3994,1.5336,1.6296,1.7232,1.8217,1.8755,1.9663,1.974,2.0392,2.0716,2.1002,2.0202,2.0963,2.0269,2.003,2.022,2.0562,2.0599,2.0832,2.0772,2.0947,2.1642,2.1909
F,Sample X12,12,F,5626,5695,5748,5902,5914,6028,6400,6510,6854,7370,7877,8531,9708,10724,12262,13984,15718,17500,19698,22035,24533,27772,31149,34576,38274,42426,46056,50188,54608,58560,63172,66428,68853,70227,72683,74674,75932,77489,79150,80719,82170,83531,84874,85020,86678,87301,392,401,390,380,387,398,388,394,393,394,399,404,404,415,412,432,456,445,468,516,528,532,597,594,618,658,681,722,746,780,829,855,876,949,964,996,983,1017,1037,1068,1084,1123,1116,1162,1156,1144,0.1197,0.1264,0.1332,0.1443,0.15,0.1656,0.1757,0.1907,0.2125,0.2403,0.2687,0.3023,0.3496,0.4125,0.4998,0.6026,0.6362,0.7339,0.7942,0.8399,0.9776,1.2297,1.4324,1.5328,1.6478,1.7143,1.8265,1.8541,1.8932,2.0215,2.0542,2.1472,2.1258,2.1358,2.0887,2.1543,2.1294,2.1372,2.1612,2.2038,2.1913,2.2271,2.2202,2.2589,2.2668,2.2774
G,Sample X1,1,G,5590,5594,5750,5904,6009,6228,6426,6693,7226,7600,8500,9328,10289,11618,13421,15001,16944,18978,21665,24916,28372,32103,35922,39565,43873,48473,52302,56518,59362,61846,64051,66111,68010,70420,72416,74695,76350,78518,80712,83125,85022,86701,89012,90839,93018,94768,483,500,557,638,745,882,1106,1326,1644,1938,2453,2948,3624,4382,5220,6236,7156,8424,9662,11179,12740,14134,15506,17035,18475,20032,21610,23715,25521,27323,29077,30634,32204,33628,35049,36340,37838,39093,40290,41472,42654,43953,45301,46337,47643,48801,0.1166,0.1226,0.1327,0.146,0.1601,0.1745,0.2169,0.2385,0.3092,0.3835,0.5205,0.6253,0.7369,0.8763,1.0212,1.1711,1.2933,1.4299,1.5594,1.7125,1.857,1.9681,2.092,2.2153,2.3311,2.4508,2.5217,2.5812,2.6286,2.7011,2.7286,2.7917,2.8049,2.874,2.9315,2.9632,2.9812,3.0645,3.0667,3.0841,3.1245,3.1295,3.1924,3.1737,3.1694,3.2039
G,Sample X2,2,G,5579,5728,5820,5843,6066,6200,6342,6816,7251,7855,8468,9253,10248,11677,13132,14623,16417,18779,21232,23980,27836,30967,34528,38170,41844,45869,49754,53413,56125,57994,59574,61158,63524,64892,66580,68294,69579,70619,72355,73904,74796,76350,77465,79302,80945,82056,465,518,562,656,736,889,1087,1333,1613,1976,2402,2907,3524,4202,5104,6022,6948,7968,9256,10735,12170,13492,14880,16105,17332,18735,20418,22134,23796,25268,26765,28230,29370,30580,31754,32754,33876,34619,35369,36411,37011,37805,38667,39355,40211,40967,0.1162,0.1237,0.137,0.1462,0.1702,0.1984,0.2491,0.2917,0.3721,0.4849,0.592,0.7169,0.8459,0.9848,1.107,1.2305,1.3596,1.4863,1.6168,1.7377,1.8641,1.9329,2.0267,2.1066,2.2027,2.2844,2.3725,2.4199,2.4505,2.4656,2.5351,2.5486,2.576,2.6016,2.6641,2.6487,2.6204,2.7073,2.6931,2.6929,2.7428,2.7707,2.876,2.8769,2.875,2.9489
G,Sample X3,3,G,5659,5718,5808,5900,6046,6313,6474,6671,7150,7608,8475,9284,10320,11824,13118,14770,16506,18570,21037,24383,27515,30828,34474,38085,41666,45422,49713,52723,55436,56968,59106,60737,62563,64205,65584,66740,68743,70155,71277,72592,73841,75317,76917,78266,79647,81056,482,512,565,668,747,896,1088,1330,1621,1997,2421,2878,3540,4231,5138,5920,6924,7990,9220,10636,12024,13331,14660,15813,17069,18374,19858,21694,23361,24611,25949,27338,28534,29798,30843,31748,32748,33582,34430,35202,35957,36732,37560,38370,38929,39776,0.1156,0.1224,0.1345,0.1463,0.1536,0.1775,0.199,0.2246,0.265,0.3213,0.384,0.4768,0.5803,0.694,0.8216,0.9618,1.123,1.2821,1.4458,1.6106,1.761,1.9015,1.9964,2.0902,2.2019,2.3003,2.3862,2.3193,2.3662,2.4175,2.4543,2.4684,2.4928,2.5446,2.5735,2.6192,2.5922,2.6725,2.6573,2.6609,2.7058,2.774,2.8217,2.8541,2.8753,2.8951
G,Sample X4,4,G,5644,5641,5764,5876,6100,6172,6391,6788,7141,7694,8331,9322,10500,11608,13040,14505,16374,18154,20696,23870,27044,30651,34208,37339,41218,44880,48794,52048,54906,56308,58746,60458,61822,63232,64954,66437,67711,69314,71063,72001,72904,74082,75314,77374,78316,79646,464,511,572,622,750,893,1079,1314,1586,1890,2339,2817,3348,4105,4858,5736,6692,7648,8878,10224,11518,12842,14078,15318,16486,17701,19104,20736,22307,23746,24928,26291,27472,28525,29517,30456,31323,32013,32890,33664,34139,35107,35904,36503,37059,37818,0.1139,0.1213,0.1305,0.1416,0.1555,0.1694,0.1932,0.2221,0.2599,0.3227,0.4037,0.5078,0.6567,0.8011,0.9476,1.0811,1.1626,1.2832,1.3943,1.513,1.6648,1.8164,1.9459,2.0511,2.1693,2.2675,2.3444,2.3976,2.4314,2.4646,2.5025,2.5142,2.5633,2.5889,2.6106,2.6436,2.6361,2.6911,2.7126,2.6694,2.7116,2.7988,2.8213,2.8537,2.8713,2.8327
G,Sample X5,5,G,5672,5703,5779,5841,5954,6177,6377,6778,7326,7670,8402,9296,10304,11432,13018,14401,16216,18206,20825,23524,26860,30123,33751,37581,40989,44755,48615,52133,54764,56526,58219,60292,61654,63832,65320,66570,68291,69252,71217,71718,73234,74781,76234,77817,78763,80366,462,493,553,622,713,864,1022,1236,1554,1823,2240,2695,3204,3826,4554,5326,6180,7136,8154,9400,10710,11851,12970,14058,15124,16213,17427,18775,20045,21306,22341,23541,24416,25354,26510,27150,27893,28618,29232,29898,30585,31086,31896,32508,32936,33731,0.1215,0.1223,0.1282,0.1367,0.1447,0.1596,0.1807,0.2015,0.2398,0.298,0.3652,0.435,0.5472,0.697,0.8572,0.9781,1.0649,1.1723,1.2906,1.3993,1.5519,1.7086,1.8571,1.9807,2.1069,2.2162,2.297,2.354,2.395,2.4356,2.4635,2.4897,2.5581,2.5674,2.6188,2.6317,2.632,2.682,2.6731,2.6684,2.713,2.7586,2.7506,2.8098,2.8041,2.8137
G,Sample X6,6,G,5656,5697,5760,5927,6000,6192,6453,6626,7219,7681,8420,9298,10358,11428,13073,14290,16098,18101,20626,23398,26434,29646,33383,36952,40246,44248,47951,51308,53695,55991,57456,59397,60580,62752,63874,65771,66843,68506,69832,70778,71898,73520,74232,76160,77388,78372,456,513,541,596,692,804,922,1101,1307,1554,1783,2098,2509,2928,3490,4002,4568,5157,5938,6774,7550,8413,9162,9842,10382,11140,11678,12429,13048,13767,14312,14892,15381,15962,16514,17097,17458,18076,18362,18794,19181,19433,19800,20190,20555,21092,0.1179,0.1219,0.1273,0.138,0.1468,0.1619,0.1812,0.2047,0.2442,0.2883,0.3433,0.3953,0.491,0.6104,0.7699,0.8986,0.9985,1.1107,1.2233,1.3375,1.4684,1.6486,1.7807,1.9482,2.0463,2.1657,2.2443,2.3051,2.3533,2.4008,2.4556,2.4642,2.5137,2.5286,2.5892,2.595,2.5989,2.6362,2.6768,2.6747,2.6792,2.7248,2.753,2.77,2.7519,2.7911
G,Sample X7,7,G,5688,5732,5834,5870,6068,6188,6360,6674,7238,7798,8462,9276,10280,11484,13074,14464,15958,18188,20574,23530,26516,29915,33390,36870,40455,44009,48098,51394,53397,55083,57331,58826,60760,62426,64053,65556,67068,68612,69954,71512,72636,73668,75377,76001,77791,79458,448,485,532,578,658,743,851,970,1120,1313,1558,1768,2103,2427,2729,3150,3590,4072,4665,5294,5898,6470,7018,7429,7858,8301,8748,9276,9631,10154,10613,11060,11394,11804,12196,12587,12848,13246,13456,13864,14202,14396,14763,15217,15414,15780,0.1117,0.1192,0.1276,0.1372,0.1437,0.1594,0.1783,0.1971,0.2321,0.273,0.3265,0.374,0.4559,0.5412,0.6735,0.8009,0.9247,1.0479,1.1653,1.2767,1.428,1.6179,1.7849,1.9365,2.0459,2.1593,2.2401,2.2977,2.338,2.3717,2.4417,2.4658,2.5091,2.5324,2.6138,2.6059,2.6504,2.646,2.7011,2.7033,2.7003,2.746,2.7816,2.7905,2.8122,2.7713
G,Sample X8,8,G,5745,5729,5836,5920,5978,6150,6512,6684,7059,7690,8371,9179,10339,11323,12910,14474,16050,17953,20132,23379,26495,29422,32956,36230,39879,43612,47246,50360,52586,54450,56443,58398,60057,61740,63932,64988,67196,68637,69883,71390,73416,74169,75726,77872,79235,80466,429,453,456,476,518,521,545,587,643,671,690,763,816,856,950,1034,1106,1242,1408,1550,1720,1878,1988,2137,2212,2318,2421,2537,2635,2743,2868,2966,3064,3186,3311,3376,3494,3618,3727,3843,3980,4079,4176,4249,4435,4541,0.1159,0.1235,0.1317,0.1424,0.153,0.1678,0.1891,0.2101,0.2382,0.2752,0.3218,0.368,0.4362,0.5252,0.656,0.783,0.8635,1.0196,1.1426,1.2513,1.3894,1.5634,1.7279,1.9109,2.0387,2.1485,2.2313,2.297,2.371,2.4225,2.4765,2.5152,2.5716,2.6198,2.6708,2.6921,2.7245,2.6994,2.7594,2.8176,2.7733,2.8496,2.8698,2.8941,2.9122,2.9063
G,Sample X9,9,G,5647,5700,5849,5822,6018,6203,6289,6730,7100,7650,8241,9028,10196,11402,12625,14106,15790,17620,19829,22454,25348,28272,31938,34768,38376,41674,45046,48612,51421,53414,54546,56613,58142,59987,61449,62580,64298,65516,66756,67709,69178,70507,71738,72499,73367,74689,404,402,410,419,418,419,413,426,435,446,458,452,462,470,496,522,524,554,600,630,656,718,766,787,824,877,888,945,988,1034,1056,1086,1115,1136,1180,1184,1220,1244,1271,1287,1307,1329,1386,1412,1420,1440,0.1151,0.1225,0.1277,0.1385,0.1473,0.1608,0.176,0.1998,0.2287,0.2619,0.3091,0.3553,0.4208,0.4951,0.604,0.7034,0.7838,0.8834,0.994,1.0972,1.2158,1.3449,1.4732,1.6399,1.7481,1.8847,1.9747,2.0551,2.0903,2.148,2.1388,2.233,2.2494,2.2846,2.2643,2.3241,2.3935,2.3795,2.4305,2.507,2.5192,2.5464,2.5358,2.5814,2.5986,2.5777
G,Sample X10,10,G,5739,5702,5808,5763,5872,6236,6392,6592,7022,7433,8270,8944,9851,11138,12376,13992,15641,17550,19402,22140,24946,28033,31313,34874,38292,41524,45080,49482,52971,55518,57364,59232,60794,62390,64086,65952,66800,68431,69126,70434,71530,72194,73144,73736,74842,75825,393,402,396,388,395,395,395,401,395,403,400,424,418,431,436,451,463,477,509,538,564,586,606,640,673,708,752,796,803,855,887,897,933,959,980,988,1026,1022,1060,1062,1068,1088,1103,1132,1134,1148,0.1132,0.1207,0.124,0.1352,0.1435,0.1551,0.172,0.1905,0.2168,0.2462,0.2857,0.3301,0.391,0.4641,0.5544,0.6348,0.689,0.7694,0.8689,0.9739,1.0733,1.1926,1.2819,1.4296,1.5207,1.6409,1.7315,1.8225,1.8667,1.9165,1.8852,1.9444,1.9344,1.9763,1.9344,1.9797,2.0011,1.9759,1.9592,2.0324,2.0036,1.9928,2.0095,2.0277,2.0896,2.1144
G,Sample X11,11,G,5706,5846,5806,5813,5890,6167,6359,6603,7065,7419,7951,8888,9818,11017,12653,14055,15636,17541,19610,22054,24824,27857,31348,34723,38088,42093,45562,49486,53542,57310,60564,62714,64438,65858,67635,69100,70556,72149,72816,74412,75255,76381,77258,78805,78843,79831,406,391,392,387,381,391,383,400,391,393,392,398,424,415,413,436,444,462,481,515,538,550,585,628,653,696,712,752,788,803,846,862,896,962,981,1014,1008,1041,1048,1083,1102,1113,1108,1128,1132,1155,0.1183,0.1219,0.1258,0.1366,0.1466,0.1567,0.1723,0.194,0.2192,0.2563,0.2939,0.3383,0.3826,0.4559,0.5281,0.6014,0.6839,0.7953,0.9035,0.9953,1.0704,1.1599,1.2544,1.3586,1.4414,1.569,1.6599,1.7592,1.805,1.8563,1.8473,1.8873,1.8845,1.9126,1.8995,1.9243,1.9435,1.9336,1.953,1.9852,1.9691,1.9845,1.9811,2.0095,2.0338,2.0157
G,Sample X12,12,G,5617,5668,5739,5818,5844,6120,6230,6590,6930,7352,7859,8721,9668,10884,12279,13793,15607,17450,19631,21881,24912,27677,30897,34419,38352,42321,46194,50116,54324,58391,62407,66196,68446,70527,72444,74298,76190,77749,79497,81016,82310,83465,84939,85892,86964,87936,392,390,394,387,388,385,399,393,392,387,400,406,415,419,411,428,441,456,483,497,520,548,582,595,642,650,710,724,768,791,817,867,896,935,959,984,1019,1045,1063,1093,1099,1149,1155,1156,1174,1187,0.1185,0.1224,0.1279,0.1386,0.1466,0.1544,0.1685,0.187,0.2104,0.2401,0.2771,0.3123,0.3609,0.4217,0.5055,0.5731,0.6108,0.6923,0.7888,0.8623,0.9623,1.0579,1.1352,1.2711,1.4068,1.5721,1.706,1.7915,1.7786,1.9161,1.8698,1.9448,1.9147,1.9819,1.9254,1.9847,2.0002,1.9752,1.9874,2.0324,2.0035,2.0295,2.0244,2.0457,2.0727,2.0501
H,Sample X1,1,H,5568,5750,5803,5785,5952,6066,6365,6678,7030,7515,8258,9149,10075,11626,13082,15084,16942,19196,21843,25089,28670,32503,36662,41186,45474,50223,55255,59976,63770,66973,69472,72595,75646,78863,81628,84320,87158,90326,93084,95218,97642,100424,103127,105851,108736,111338,471,489,547,632,726,858,1050,1268,1584,1928,2394,2914,3566,4386,5355,6337,7468,8598,10019,11514,13273,14952,16486,18122,19644,21202,23230,25458,27673,29854,32108,34076,36238,38307,40138,42043,43791,45505,47452,49059,50622,52153,54165,55902,57480,59157,0.4905,0.1215,0.1263,0.137,0.1435,0.1564,0.1723,0.1911,0.2209,0.2577,0.3012,0.3461,0.4442,0.5923,0.785,0.9215,1.0625,1.2699,1.424,1.5838,1.7428,1.8736,2.0196,2.1714,2.2981,2.3794,2.4631,2.5476,2.5782,2.6668,2.6834,2.7601,2.8262,2.8866,2.974,2.9854,3.0501,3.0936,3.1276,3.1525,3.1508,3.2057,3.2322,3.3093,3.2756,3.3059
H,Sample X2,2,H,5646,5858,5856,5867,5917,6153,6449,6702,7196,7663,8317,9107,10320,11580,13315,14993,17027,18882,21427,24624,28285,32196,36250,40062,44364,48629,53337,57969,61249,63704,66133,68425,70959,73055,74957,77964,79678,82852,84957,86851,88604,91114,93832,95822,97896,100154,470,510,563,631,736,873,1050,1301,1577,1933,2359,2927,3582,4383,5280,6283,7305,8487,9761,11280,12907,14456,16068,17490,18944,20562,22350,24437,26549,28408,30283,32089,33867,35603,36991,38664,40239,41630,42936,44335,45851,46975,48689,49924,51226,52742,0.1144,0.1199,0.125,0.139,0.1436,0.1565,0.1763,0.1929,0.2293,0.2802,0.3318,0.3902,0.4417,0.5711,0.7496,0.8948,1.018,1.1665,1.3147,1.4557,1.5868,1.7037,1.8627,2.0339,2.1252,2.2457,2.3478,2.4085,2.4456,2.5236,2.5615,2.6284,2.6575,2.7172,2.7803,2.7729,2.8454,2.9044,2.9493,2.9449,3.0203,3.0594,3.0466,3.1607,3.1024,3.1095
H,Sample X3,3,H,5667,5685,5855,5918,6004,6088,6295,6748,7104,7537,8310,9079,10164,11750,13094,14702,16413,18599,21117,24134,27492,31452,35193,39031,43107,47698,52055,56686,59699,62203,64607,66937,68850,70756,73060,75326,77262,79156,81233,83795,85489,87356,89286,91502,94168,95676,466,524,569,628,726,878,1043,1290,1570,1964,2364,2861,3494,4246,5090,6103,7144,8168,9498,10893,12636,14109,15670,17065,18490,20008,21740,23921,25850,27742,29561,31256,32875,34438,36044,37549,38768,40155,41348,42535,43871,45086,46562,47799,48966,50401,0.1159,0.1219,0.1287,0.1411,0.1513,0.1737,0.1863,0.2145,0.2712,0.3357,0.4387,0.4947,0.5941,0.6841,0.8001,0.911,0.9991,1.1073,1.2059,1.3399,1.5213,1.6826,1.8783,2.0287,2.1341,2.2572,2.347,2.4136,2.4879,2.5537,2.6301,2.6816,2.7125,2.7601,2.8162,2.8323,2.8923,2.8848,2.9673,2.9357,2.9902,3.0362,3.0488,3.0726,3.0658,3.0636
H,Sample X4,4,H,5806,5733,5692,5887,5953,6101,6368,6804,7084,7585,8127,9072,10286,11464,13069,14574,16519,18605,21261,24356,27666,31344,35262,39357,43416,48214,53033,57184,60231,62414,64246,66780,69099,71145,73209,75114,77611,79702,81307,83359,84898,86728,89108,91440,94096,95843,462,505,568,632,720,844,1009,1240,1550,1869,2300,2789,3422,4137,4993,5952,6953,8112,9328,10811,12256,13723,15240,16836,18491,20280,22444,24806,27101,29016,30749,32782,34351,35964,37551,38934,40436,41568,43102,44275,45475,46856,48285,49347,50610,52242,0.1082,0.1176,0.1193,0.1281,0.1334,0.144,0.1593,0.1801,0.1977,0.2289,0.2716,0.3133,0.371,0.4568,0.5529,0.6357,0.7053,0.8311,0.9389,1.099,1.2903,1.4866,1.706,1.9026,2.072,2.1771,2.307,2.4134,2.4748,2.5193,2.6159,2.6931,2.7222,2.8212,2.8648,2.9437,2.9245,2.9283,3.0039,3.0479,3.072,3.1499,3.1407,3.0968,3.1588,3.1252
H,Sample X5,5,H,5672,5760,5784,5931,5908,6141,6324,6561,7050,7512,8373,9197,10215,11455,12968,14696,16317,18657,20739,23890,27538,30820,35039,38883,43097,47050,51666,55855,59436,61885,64620,66934,69335,71470,73470,75784,77814,79576,81900,83924,85731,88037,89324,92014,94417,96590,477,504,541,609,715,835,1004,1246,1470,1788,2174,2666,3171,3828,4681,5404,6422,7379,8466,9916,11183,12546,13898,15154,16360,17615,18916,20591,22166,23601,25168,26441,27971,29343,30368,31612,32689,33872,35032,36056,37029,38020,39167,40140,41375,42432,0.1123,0.1182,0.1237,0.1344,0.1416,0.1542,0.1718,0.191,0.2178,0.2511,0.2945,0.3382,0.4148,0.5162,0.6471,0.7372,0.823,0.9569,1.0854,1.1969,1.3781,1.5157,1.7265,1.888,2.0374,2.1505,2.2616,2.3533,2.4234,2.4927,2.5412,2.63,2.6744,2.7396,2.7785,2.8584,2.8674,2.9008,2.9841,2.9672,3.0044,3.0389,3.0627,3.0426,3.0949,3.1036
H,Sample X6,6,H,5609,5696,5716,5965,5974,6090,6317,6644,6979,7422,8213,8980,10045,11319,12804,14522,16171,18453,20858,23637,26950,30451,34503,38408,42363,47262,51076,55174,58726,61063,63500,65895,68000,69949,72292,74830,76780,78376,80913,82604,84989,86873,88906,91133,93312,95995,463,481,536,586,672,770,918,1068,1261,1521,1758,2172,2528,2958,3501,4096,4706,5353,6155,7064,8018,8904,9707,10492,11293,11907,12694,13498,14395,15146,15898,16762,17535,18160,18966,19623,20336,20978,21654,22349,23045,23699,24409,25042,25704,26569,0.1128,0.1174,0.1222,0.132,0.1389,0.1512,0.1649,0.1864,0.211,0.248,0.2975,0.3392,0.4151,0.5028,0.5957,0.6904,0.7643,0.8988,0.9673,1.059,1.2516,1.4491,1.6527,1.834,1.9705,2.0849,2.1994,2.3163,2.41,2.4891,2.5183,2.5938,2.657,2.7415,2.7801,2.7941,2.8463,2.9235,2.9483,2.9901,3.0226,3.0446,3.0518,3.0735,3.087,3.1017
H,Sample X7,7,H,5657,5703,5725,5858,6054,6028,6398,6695,7126,7630,8231,9180,10106,11506,12844,14615,16185,18340,20952,23579,27230,30648,34364,38358,42365,46450,50609,55027,58055,60299,62994,65134,67187,69593,71380,73812,75903,77756,79624,81595,83667,85542,87283,89294,91858,93613,451,494,526,574,635,733,822,966,1096,1300,1500,1796,2052,2396,2824,3241,3695,4166,4747,5472,6162,6813,7364,7855,8490,9024,9472,10052,10618,11140,11646,12195,12718,13314,13738,14254,14768,15283,15666,16187,16529,17012,17700,18035,18575,19187,0.1091,0.1169,0.1207,0.1284,0.134,0.1447,0.1603,0.1772,0.2023,0.2405,0.2763,0.3276,0.4114,0.505,0.6021,0.6973,0.7602,0.885,0.9747,1.0802,1.2812,1.4702,1.6901,1.9041,1.9776,2.0925,2.1885,2.2649,2.3339,2.4039,2.4406,2.4933,2.6041,2.6133,2.657,2.6915,2.7361,2.8168,2.8485,2.8829,2.8875,2.9329,2.9695,3.0137,3.0064,3.0767
H,Sample X8,8,H,5614,5806,5833,5910,6026,5989,6389,6705,7066,7664,8294,9034,10164,11349,12846,14358,16021,17990,20478,23432,26408,29619,33534,37117,40863,44315,48936,52164,55266,57967,59736,62304,64579,66492,68400,70454,72402,74726,76310,78409,80150,81744,83727,85784,87916,90065,431,444,463,477,508,530,564,600,645,670,726,782,851,936,1017,1074,1206,1311,1456,1676,1843,2011,2159,2328,2421,2574,2660,2844,2945,3051,3242,3328,3426,3594,3695,3856,3960,4103,4226,4388,4561,4682,4792,4976,5114,5233,0.1106,0.1165,0.1216,0.1287,0.1329,0.1445,0.1539,0.1756,0.1979,0.228,0.2682,0.3081,0.363,0.4436,0.5425,0.6181,0.6756,0.79,0.8654,0.9614,1.1559,1.3845,1.6593,1.8768,2.0014,2.1176,2.2152,2.2986,2.3759,2.4422,2.464,2.543,2.6201,2.673,2.7447,2.7783,2.7755,2.848,2.8738,2.8556,2.9099,2.9397,2.9577,3.0116,3.0002,3.0774
H,Sample X9,9,H,5673,5710,5801,5839,6098,5923,6289,6661,6892,7676,8208,8890,10016,11204,12755,14385,15941,17807,19931,22854,25674,29086,32333,35987,39682,43627,48198,51877,55314,57578,59717,62191,64569,66064,68320,70383,72006,74045,75564,76844,78712,79431,81177,82494,82976,84283,402,412,399,413,412,421,424,420,431,446,438,453,469,482,484,526,534,568,590,657,679,700,774,803,876,886,955,979,1013,1079,1116,1130,1165,1213,1248,1270,1317,1336,1384,1410,1471,1502,1521,1572,1579,1615,0.1121,0.1194,0.1243,0.1327,0.1378,0.1533,0.1679,0.1882,0.2146,0.2457,0.2863,0.3329,0.3868,0.4611,0.5697,0.6758,0.7237,0.8256,0.8962,1.001,1.1922,1.4009,1.6557,1.7882,1.91,2.0172,2.1087,2.1902,2.2759,2.2948,2.3702,2.4331,2.5138,2.5488,2.6394,2.6866,2.7299,2.7994,2.8606,2.8129,2.8603,2.8575,2.8466,2.8474,2.8679,2.9353
H,Sample X10,10,H,5674,5705,5789,5818,5986,6182,6362,6700,7026,7437,8005,8907,9934,11232,12432,14082,15803,17960,19769,22480,25456,28679,32276,35965,39507,43660,47720,52064,56176,59337,61801,63888,66196,67778,69512,71700,72894,74808,76362,77347,79226,80276,81360,82027,83350,84450,393,391,387,403,400,399,393,410,409,393,410,417,435,439,447,439,477,494,512,530,552,584,620,652,688,718,744,786,818,858,902,933,972,987,1006,1022,1048,1098,1116,1102,1142,1162,1170,1185,1209,1232,0.112,0.118,0.1231,0.127,0.1323,0.1459,0.1548,0.1748,0.1974,0.2264,0.2574,0.3005,0.3502,0.4075,0.4819,0.5483,0.591,0.6553,0.7073,0.7841,0.8707,0.996,1.2328,1.4636,1.6064,1.76,1.8826,1.9988,2.0861,2.1843,2.2591,2.3214,2.3506,2.3716,2.342,2.411,2.3964,2.3973,2.4591,2.4632,2.4384,2.4341,2.432,2.4627,2.4962,2.5077
H,Sample X11,11,H,5533,5683,5806,5746,5842,6067,6405,6518,6928,7408,8114,8708,9676,10833,12449,13996,15856,17474,19689,22200,25164,28192,31791,35306,38932,42762,46979,51719,55576,59292,63257,65743,67906,70151,71417,73579,75060,76568,78701,79859,81636,82662,83778,84582,85664,86842,395,393,406,403,387,388,395,394,390,406,399,396,420,412,422,436,456,465,485,520,529,558,606,608,646,685,707,758,777,816,847,906,926,956,1009,1002,1034,1051,1101,1113,1120,1142,1145,1169,1185,1208,0.1166,0.124,0.1266,0.1361,0.1449,0.1583,0.1739,0.1909,0.2148,0.2452,0.2813,0.3245,0.3732,0.4274,0.5108,0.5856,0.6438,0.7238,0.8065,0.893,0.9999,1.0831,1.2158,1.3406,1.4457,1.557,1.6804,1.7646,1.8129,1.7911,1.8748,1.8003,1.8805,1.8204,1.9076,1.8496,1.8625,1.9448,1.9555,1.8898,1.9789,1.9938,1.9946,2.0186,1.9393,2.0202
H,Sample X12,12,H,5591,5590,5764,5837,5887,6156,6373,6613,6886,7399,7887,8494,9530,10713,12305,13994,15792,17736,19846,22284,25341,28586,32244,35916,39762,43954,48187,52869,57234,62100,66053,70106,72762,75210,77023,79567,81429,82462,84063,85820,87321,88804,90482,91186,92977,94176,385,388,390,380,390,389,384,397,383,402,406,415,413,400,419,430,440,462,471,496,536,538,568,594,629,677,692,722,771,802,829,878,919,928,962,1010,1027,1065,1078,1089,1120,1166,1200,1216,1192,1246,0.1186,0.1267,0.135,0.1448,0.1557,0.1702,0.1831,0.2031,0.2336,0.268,0.3861,0.4199,0.5427,0.5308,0.5688,0.6571,0.7242,0.8521,0.9523,1.0383,1.1122,1.1794,1.2339,1.2957,1.3373,1.3596,1.4237,1.5218,1.5945,1.7282,1.7883,1.8741,1.8735,1.7845,1.686,1.7805,1.7964,1.703,1.6337,1.7066,1.5549,1.5742,1.5695,1.6098,1.7566,1.6234